"Region, subregion, country or area *",Location code,1950.0,1951.0,1952.0,1953.0,1954.0,1955.0,1956.0,1957.0,1958.0,1959.0,1960.0,1961.0,1962.0,1963.0,1964.0,1965.0,1966.0,1967.0,1968.0,1969.0,1970.0,1971.0,1972.0,1973.0,1974.0,1975.0,1976.0,1977.0,1978.0,1979.0,1980.0,1981.0,1982.0,1983.0,1984.0,1985.0,1986.0,1987.0,1988.0,1989.0,1990.0,1991.0,1992.0,1993.0,1994.0,1995.0,1996.0,1997.0,1998.0,1999.0,2000.0,2001.0,2002.0,2003.0,2004.0,2005.0,2006.0,2007.0,2008.0,2009.0,2010.0,2011.0,2012.0,2013.0,2014.0,2015.0,2016.0,2017.0,2018.0,2019.0,2020.0,2021.0,2022.0,2023.0
Afghanistan,4,7727,7826,7933,8043,8151,8265,8389,8520,8657,8790,8949,9121,9307,9502,9707,9922,10150,10383,10629,10884,11150,11430,11705,12002,12314,12624,12924,13196,13485,13737,13574,12765,11110,10872,10963,11417,11437,11403,11372,11674,12074,12018,12460,14098,15789,16713,17419,18108,18796,19524,20252,20009,20560,22196,23270,23852,24958,25891,25929,27036,27896,28672,30023,31097,32149,33436,34227,35174,36204,37282,38430,39708,40293,40865
Albania,8,1234,1261,1292,1325,1362,1400,1437,1476,1520,1568,1622,1677,1721,1767,1816,1867,1921,1979,2038,2099,2154,2208,2262,2317,2372,2427,2483,2539,2595,2655,2708,2763,2818,2876,2935,2995,3057,3118,3180,3246,3274,3281,3284,3281,3274,3264,3253,3239,3221,3200,3178,3155,3141,3127,3109,3088,3064,3037,3008,2978,2945,2912,2911,2909,2906,2901,2896,2900,2897,2892,2878,2866,2834,2822
Algeria,12,8893,9144,9396,9647,9899,10130,10365,10600,10835,11072,11307,11543,11715,11886,12078,12282,12450,12730,13022,13323,13629,13938,14259,14595,14948,15319,16038,16781,17251,17763,18311,18904,19538,20207,20909,21635,22382,23109,23779,24440,25069,25683,26293,26964,27590,28185,28756,29310,29848,30260,30689,31119,31543,31958,32393,32863,33355,33892,34487,35147,35834,36543,37264,38028,38800,39610,40429,41272,42106,42904,43685,44399,45123,45831
AmericanSamoa,16,19,19,19,20,20,20,20,20,20,20,20,20,21,22,22,23,24,24,25,26,27,27,28,28,29,29,30,30,31,31,32,33,34,36,37,38,40,41,43,44,46,47,48,50,51,52,53,54,55,56,57,57,57,57,57,57,57,56,56,56,55,55,55,54,54,53,53,52,51,51,50,50,49,48
Andorra,20,6,6,6,5,5,6,6,7,8,8,9,10,11,11,12,13,14,15,16,18,19,21,22,24,25,27,29,30,32,34,35,36,38,40,41,43,45,47,48,50,51,54,59,61,65,64,64,64,65,66,66,66,66,67,72,77,78,81,83,84,84,78,78,76,74,73,71,73,75,76,77,78,79,80
Angola,24,4524,4579,4626,4678,4735,4798,4867,4941,5020,5102,5188,5275,5328,5381,5436,5493,5551,5611,5672,5733,5794,5911,6071,6278,6499,6727,6958,7191,7445,7709,7986,8282,8589,8914,9252,9600,9958,10321,10675,11047,11430,11823,12224,12623,13031,13469,13931,14411,14910,15409,15925,16464,17030,17625,18262,18939,19644,20387,21170,21987,22842,23747,24690,25665,26666,27656,28660,29706,30764,31831,32921,33982,35083,36187
Anguilla,660,5,5,5,5,6,6,6,6,6,6,6,6,6,6,6,6,6,6,6,6,6,6,6,6,6,6,7,7,7,7,7,7,7,7,7,7,7,7,8,8,8,9,9,9,9,10,10,10,10,11,11,11,12,12,12,12,12,13,13,13,13,13,14,13,13,14,14,14,15,15,15,15,14,14
AntiguaandBarbuda,28,45,46,47,48,49,50,51,52,53,54,55,56,57,58,59,60,60,61,62,63,64,65,65,64,64,64,64,64,64,64,64,65,65,65,65,65,64,64,64,63,63,63,64,65,66,67,69,70,72,73,74,76,77,77,78,79,80,81,82,84,85,86,87,88,88,89,90,90,91,91,92,92,93,93
Argentina,32,16850,17186,17527,17871,18211,18551,18881,19219,19547,19881,20218,20554,20898,21247,21597,21942,22283,22625,22973,23328,23690,24067,24447,24841,25251,25672,26076,26488,26915,27349,27789,28234,28693,29155,29628,30099,30574,31050,31534,32027,32515,32997,33464,33924,34382,34845,35295,35733,36163,36583,37007,37421,37828,38230,38618,39014,39420,39824,40209,40639,41071,41507,41954,42369,42796,43252,43702,44099,44479,44831,45116,45268,45357,45459
Armenia,51,1366,1399,1435,1473,1514,1558,1605,1657,1712,1770,1832,1895,1960,2024,2088,2152,2215,2277,2338,2397,2451,2500,2551,2603,2658,2715,2773,2864,2962,3064,3093,3121,3149,3177,3206,3243,3278,3312,3345,3365,3521,3583,3645,3499,3408,3321,3294,3264,3229,3188,3147,3105,3064,3047,3031,3014,2998,2982,2967,2953,2938,2924,2923,2922,2923,2922,2920,2917,2912,2907,2900,2881,2859,2902
Aruba,533,42,43,44,46,47,48,49,51,52,53,55,55,56,57,57,58,58,59,59,59,59,59,59,59,60,60,61,61,62,62,62,62,62,63,63,64,64,64,63,63,64,65,68,70,72,75,77,80,82,85,88,90,91,92,93,94,95,96,97,98,100,101,101,102,103,104,105,105,106,107,107,107,108,108
Australia,36,8049,8305,8533,8729,8903,9095,9315,9534,9743,9952,10168,10394,10607,10807,11019,11237,11478,11707,11914,12146,12399,12800,13196,13414,13623,13816,13972,14121,14286,14448,14618,14825,15073,15312,15518,15723,15948,16191,16454,16735,17004,17248,17458,17641,17805,17990,18201,18410,18600,18803,19017,19248,19483,19708,19931,20163,20426,20755,21154,21587,21979,22304,22656,23050,23423,23768,24128,24532,24930,25310,25656,25832,26081,26321
Austria,40,6938,6935,6926,6929,6936,6944,6949,6955,6976,6998,7030,7064,7108,7152,7199,7247,7293,7350,7403,7426,7454,7478,7521,7565,7605,7591,7564,7564,7570,7552,7544,7552,7583,7563,7559,7562,7566,7573,7576,7595,7646,7713,7801,7884,7931,7946,7955,7967,7973,7984,8004,8022,8062,8101,8144,8203,8256,8284,8310,8337,8353,8377,8410,8453,8509,8586,8702,8774,8823,8860,8902,8941,8993,9136
Azerbaijan,31,3105,3159,3216,3278,3347,3422,3506,3597,3697,3805,3921,4044,4173,4305,4439,4569,4692,4812,4923,5030,5133,5234,5333,5429,5524,5620,5718,5864,6011,6139,6236,6334,6437,6546,6659,6753,6846,6936,7019,7144,7191,7271,7358,7454,7554,7663,7775,7887,7986,8066,8135,8215,8289,8363,8438,8542,8652,8770,8886,8999,9094,9200,9312,9440,9569,9694,9812,9925,10012,10067,10154,10210,10259,10332
Bahamas,44,83,84,85,87,89,92,96,99,104,108,113,119,125,132,138,145,151,158,166,174,182,188,194,198,203,208,212,217,221,226,230,235,239,243,247,251,255,260,264,269,274,278,283,289,294,299,304,309,313,318,322,326,330,334,338,342,346,351,356,360,365,370,374,377,381,384,387,389,392,394,396,396,397,399
Bahrain,48,116,119,123,126,130,135,139,144,150,156,162,169,176,183,190,198,204,211,218,221,224,226,236,249,262,276,290,305,320,336,351,367,380,394,408,423,438,454,471,489,506,524,540,555,570,586,601,616,632,647,662,677,723,781,841,902,963,1026,1089,1152,1215,1212,1202,1231,1284,1342,1397,1462,1502,1493,1478,1488,1515,1552
Bangladesh,50,40816,41598,42447,43339,44244,45239,46297,47412,48597,49771,51112,52545,54076,55686,57322,59034,60771,62569,64453,66364,68225,69893,70660,72623,74822,76857,78852,80859,82876,84904,86967,89066,91540,94089,96581,99049,101459,103812,106106,108326,110542,112725,114849,117056,119209,121477,123724,126001,128395,130849,133367,135722,137890,139978,141963,143843,145589,147223,148756,150193,151555,152849,154333,155807,157257,158673,160093,161531,162842,164204,165622,166974,168343,170427
Barbados,52,208,212,215,218,220,223,224,225,227,228,230,232,234,236,239,241,244,246,248,249,250,249,249,250,251,251,251,252,252,251,251,252,253,254,254,255,256,257,258,258,258,259,260,261,261,262,262,262,262,262,263,262,263,265,267,268,269,271,272,273,275,276,277,277,278,279,279,280,280,281,281,282,282,282
Belarus,112,7100,7155,7224,7305,7396,7502,7619,7746,7876,8012,8151,8265,8376,8473,8562,8644,8716,8790,8857,8926,8983,9046,9113,9176,9235,9296,9352,9408,9462,9509,9566,9640,9716,9781,9850,9913,9975,10033,10082,10133,10184,10188,10199,10236,10247,10213,10181,10147,10098,10063,10015,9967,9909,9838,9768,9702,9634,9582,9544,9515,9500,9481,9464,9462,9467,9479,9496,9502,9489,9471,9400,9302,9201,9145
Belgium,56,8597,8638,8674,8720,8764,8813,8858,8906,8958,9014,9077,9127,9189,9246,9304,9371,9429,9481,9530,9569,9609,9652,9681,9708,9728,9744,9753,9765,9783,9800,9822,9844,9858,9867,9871,9878,9883,9891,9907,9926,9947,9975,10023,10069,10101,10131,10143,10171,10192,10214,10239,10264,10310,10356,10397,10446,10512,10585,10666,10754,10872,11001,11076,11139,11182,11238,11312,11353,11400,11457,11524,11556,11586,11698
Belize,84,68,70,72,74,77,79,81,83,85,88,90,92,95,97,100,103,106,110,113,116,120,122,124,126,127,129,132,134,137,140,143,147,151,154,158,162,166,169,173,177,181,185,189,193,197,201,207,214,221,229,237,245,252,260,268,276,284,292,300,308,317,324,331,338,345,353,360,369,377,383,388,393,397,408
Benin,204,2242,2259,2276,2295,2317,2341,2367,2395,2426,2460,2497,2537,2581,2628,2678,2730,2786,2843,2903,2966,3031,3099,3170,3245,3322,3403,3488,3577,3670,3767,3870,3980,4096,4217,4341,4471,4605,4745,4891,5043,5200,5363,5531,5705,6041,6152,6301,6482,6684,6895,7111,7332,7559,7792,8034,8284,8568,8818,9090,9367,9652,9943,10244,10551,10866,11194,11528,11868,12212,12555,12898,13242,13585,13934
Bermuda,60,37,38,38,39,39,40,40,41,41,41,42,43,44,45,46,47,48,49,50,51,52,52,53,53,53,53,53,53,53,53,54,54,54,55,55,55,56,56,56,57,57,58,58,59,59,59,60,60,60,61,61,62,62,62,62,63,63,63,63,63,64,64,64,64,64,63,63,63,64,64,64,65,65,65
Bhutan,64,168,172,177,182,187,192,197,203,209,215,221,227,234,241,249,257,265,274,283,293,303,314,325,336,348,360,372,385,398,412,426,441,455,470,485,501,516,532,549,565,582,597,603,553,557,552,544,554,564,575,590,604,618,631,644,657,667,675,683,690,698,705,713,721,729,737,744,752,757,762,767,773,778,784
Bolivia(PlurinationalStateof),68,3067,3113,3162,3213,3269,3327,3389,3454,3521,3592,3665,3740,3817,3898,3980,4066,4154,4245,4340,4438,4539,4642,4747,4855,4966,5079,5196,5317,5441,5567,5695,5823,5953,6083,6215,6349,6484,6621,6763,6908,7055,7205,7356,7505,7653,7801,7948,8095,8240,8386,8533,8679,8826,8975,9127,9282,9440,9604,9768,9933,10099,10266,10432,10599,10766,10932,11098,11263,11427,11590,11753,11880,11995,12159
"Bonaire,SintEustatiusandSaba",535,7,7,7,7,7,8,8,8,8,8,8,8,8,8,8,9,9,9,9,9,10,10,10,10,11,11,11,11,11,12,12,12,12,12,12,12,12,13,13,13,13,13,13,13,13,13,14,14,14,14,14,14,15,15,16,17,17,18,19,19,20,21,22,23,24,25,25,24,25,25,26,27,28,29
BosniaandHerzegovina,70,2671,2710,2751,2799,2860,2921,2984,3048,3112,3179,3246,3317,3380,3436,3488,3539,3587,3634,3678,3719,3756,3790,3829,3868,3907,3946,3985,4024,4061,4096,4131,4166,4202,4240,4277,4314,4347,4377,4403,4425,4443,4455,4462,4007,3802,3649,3782,3969,4068,4111,4150,4170,4189,4187,4170,4112,4081,4045,3982,3914,3846,3777,3707,3634,3588,3541,3496,3450,3407,3367,3324,3275,3215,3194
Botswana,72,409,419,429,439,449,459,469,479,489,499,510,522,534,546,560,573,576,579,582,585,589,592,609,636,669,702,739,778,821,878,926,949,991,1028,1065,1103,1141,1180,1218,1253,1288,1323,1360,1400,1440,1480,1518,1554,1589,1624,1660,1695,1729,1760,1791,1823,1857,1892,1930,1970,2011,2055,2092,2125,2156,2188,2219,2251,2283,2315,2349,2383,2420,2460
Brazil,76,52620,54197,55841,57549,59319,61151,63051,65017,67046,69138,71291,73485,75726,78005,80323,82654,84981,87297,89595,91888,94204,96547,98931,101362,103840,106340,108899,111527,114223,116979,119783,122632,125494,128352,131228,134090,136942,139731,142479,145174,147832,150454,152994,155556,158033,160497,162973,165432,167891,170428,172855,175181,177421,179586,181659,183691,185685,187621,189484,191251,192909,194495,196075,197678,199279,200891,202460,203976,205431,206784,208127,209195,209906,210707
BritishVirginIslands,92,7,7,7,7,7,7,8,8,8,8,8,8,8,8,8,8,8,9,9,9,10,10,10,10,10,11,11,11,11,11,11,11,12,12,13,13,13,14,14,15,15,16,16,17,17,18,18,19,19,19,20,21,21,22,22,23,24,25,26,27,28,28,30,31,32,33,36,32,33,36,37,38,38,39
BruneiDarussalam,96,47,50,53,56,59,63,67,72,77,81,86,90,95,99,103,108,113,118,124,129,134,136,140,145,150,155,161,166,172,178,183,189,195,201,208,215,223,230,237,244,252,259,266,273,281,288,295,302,309,316,323,330,337,343,350,356,362,367,374,381,389,396,403,408,414,420,425,430,435,440,445,450,454,457
Bulgaria,100,7207,7290,7339,7385,7447,7505,7562,7612,7687,7763,7825,7901,7976,8041,8107,8173,8231,8286,8336,8405,8465,8516,8562,8598,8651,8714,8732,8787,8823,8805,8845,8874,8902,8924,8943,8962,8955,8972,8981,8991,8882,8763,8629,8489,8444,8390,8325,8258,8177,8100,8035,7966,7891,7833,7776,7723,7667,7613,7560,7511,7465,7410,7350,7284,7245,7202,7153,7102,7050,7000,6951,6916,6838,6813
BurkinaFaso,854,4190,4236,4285,4336,4387,4441,4497,4556,4617,4677,4744,4813,4883,4956,5031,5111,5195,5281,5372,5466,5561,5660,5756,5858,5966,6084,6211,6350,6507,6675,6853,7043,7238,7443,7660,7885,8115,8343,8571,8803,9039,9280,9509,9749,9994,10253,10520,10792,11077,11405,11745,12106,12484,12878,13287,13714,14151,14597,15036,15480,15940,16413,16911,17434,17957,18502,19053,19617,20172,20705,21219,21738,22252,22766
Burundi,108,2229,2281,2331,2381,2430,2479,2530,2581,2632,2683,2737,2792,2878,2938,3002,3109,3174,3262,3339,3422,3487,3573,3661,3573,3651,3756,3837,3928,4039,4162,4245,4522,4610,4753,4864,4989,5079,5180,5316,5415,5529,5645,5762,5955,5399,6029,6104,6037,6103,6271,6403,6537,6732,6917,7170,7452,7723,8008,8316,8696,9200,9553,9883,10259,10619,10980,11115,11364,11650,12069,12441,12793,13138,13504
C?ed'Ivoire,384,2699,2772,2847,2925,3006,3091,3182,3278,3380,3490,3608,3739,3881,4033,4191,4357,4528,4707,4893,5087,5297,5526,5776,6044,6326,6622,6931,7185,7459,7748,8057,8385,8729,9087,9458,9843,10238,10644,11059,11491,11948,12431,12937,13464,14008,14566,15145,15740,16354,16974,17458,17940,18418,18891,19360,19830,20307,20787,21274,21755,22241,22735,23229,23705,24174,24880,25612,26367,27100,27828,28558,29273,30006,30784
CaboVerde,132,184,186,188,191,193,195,197,199,202,205,208,212,218,226,233,241,249,257,266,275,284,292,296,299,301,304,308,311,314,318,321,325,330,335,340,345,350,355,360,365,371,380,389,398,406,414,422,429,436,443,450,457,464,470,476,482,488,494,499,504,508,511,512,512,512,512,512,513,513,514,514,515,518,521
Cambodia,116,4325,4425,4526,4630,4731,4836,4944,5055,5166,5275,5391,5509,5633,5762,5884,6009,6136,6266,6399,6535,6674,6604,6638,6710,6769,6797,6366,5904,5433,4991,5187,5213,5356,5517,5756,5934,6153,6418,6698,6926,7221,7529,7845,8381,8851,9627,10410,11192,11950,12167,12365,12560,12757,12954,13148,13341,13537,13741,13943,14164,14389,14612,14833,15057,15283,15510,15736,15969,16178,16372,16591,16860,17089,17315
Cameroon,120,4298,4362,4429,4500,4576,4657,4743,4833,4924,5020,5120,5198,5281,5397,5517,5640,5769,5905,6049,6202,6365,6535,6714,6900,7093,7294,7501,7695,7898,8126,8353,8671,8961,9096,9335,9615,9908,10213,10529,10841,11164,11499,11835,12178,12529,12881,13236,13594,13957,14333,14717,15108,15511,15940,16381,16840,17309,17792,18308,18840,19388,19948,20516,21103,21702,22418,23109,23799,24458,25155,25857,26564,27268,27998
Canada,124,13594,13890,14277,14689,15107,15531,15925,16394,16889,17319,17712,18086,18440,18787,19142,19502,19869,20238,20580,20889,21186,21694,22098,22364,22660,22988,23310,23601,23859,24098,24376,24691,24999,25282,25544,25797,26058,26364,26717,27138,27594,27985,28329,28671,28990,29304,29614,29921,30198,30462,30737,31047,31380,31691,31982,32283,32597,32921,33263,33635,34017,34376,34735,35110,35476,35792,36132,36574,37043,37547,38018,38325,38583,39060
CaymanIslands,136,7,7,7,7,7,8,8,8,8,8,8,9,9,9,9,9,9,10,10,10,10,11,11,12,13,13,14,15,15,16,17,17,18,19,20,21,22,23,24,24,25,27,28,29,31,32,33,35,36,38,39,40,42,43,45,46,48,49,50,52,53,55,56,58,59,61,62,64,65,67,68,69,71,72
CentralAfricanRepublic,140,1427,1450,1473,1497,1521,1546,1572,1599,1627,1656,1687,1718,1751,1785,1821,1858,1897,1939,1982,2028,2075,2120,2163,2205,2247,2291,2337,2361,2385,2411,2437,2464,2493,2522,2553,2585,2617,2651,2687,2741,2827,2917,3010,3108,3208,3308,3388,3484,3579,3678,3781,3886,3953,4059,4147,4239,4339,4416,4509,4609,4449,4537,4593,4628,4656,4590,4669,4759,4828,4929,4961,5093,5131,5065
Chad,148,2503,2548,2593,2640,2688,2738,2790,2845,2901,2959,3019,3081,3143,3208,3274,3341,3407,3474,3543,3614,3688,3767,3847,3939,4033,4124,4211,4292,4371,4451,4559,4472,4570,4907,5052,5039,5154,5348,5528,5723,5916,6049,6362,6587,6671,6896,7282,7538,7803,8075,8370,8654,8954,9278,9698,10142,10514,10899,11264,11688,12099,12526,12984,13438,13944,14433,14862,15367,15878,16435,16936,17514,18143,18768
Chile,152,6567,6691,6823,6961,7106,7255,7409,7570,7733,7899,8068,8239,8411,8584,8757,8928,9098,9266,9432,9597,9763,9928,10092,10257,10423,10588,10755,10922,11089,11256,11423,11594,11764,11937,12116,12300,12491,12687,12893,13106,13324,13550,13775,13994,14210,14422,14633,14835,15029,15226,15412,15595,15773,15943,16107,16268,16429,16589,16754,16924,17096,17267,17436,17602,17772,17956,18139,18395,18722,19064,19331,19410,19503,19603
China,156,539190,548899,558618,571645,583469,596759,610335,622782,637931,650508,654908,654696,656851,673296,695809,713788,733044,751761,770292,791731,812550,834068,854072,873284,891870,908745,923489,937256,949837,962486,976090,990237,1005205,1021971,1036159,1051541,1068075,1086392,1106043,1124446,1143536,1163629,1177948,1191201,1203417,1214590,1225678,1236211,1246068,1255626,1264727,1274435,1283015,1290719,1298316,1305885,1314169,1321939,1329688,1337954,1347092,1356031,1364470,1374572,1383444,1392459,1399809,1408296,1416413,1421605,1425436,1426776,1426098,1424261
"China,HongKongSAR",344,1934,2023,2116,2213,2315,2422,2534,2654,2780,2911,3038,3151,3002,2776,2549,3723,3988,4043,2905,3225,3566,3914,4064,4170,4277,4385,4492,4598,4703,4805,4910,5015,5107,5193,5277,5355,5431,5472,5501,5529,5552,5569,5687,5832,5973,6111,6243,6362,6471,6571,6662,6748,6801,6842,6876,6900,6917,6946,6997,7044,7085,7119,7167,7235,7294,7345,7388,7428,7461,7481,7491,7490,7479,7452
"China,MacaoSAR",446,194,200,201,200,199,197,194,190,186,181,176,171,176,180,184,267,264,262,259,257,254,261,266,280,220,222,225,229,234,239,244,249,256,266,275,286,297,309,321,333,345,357,368,377,386,394,403,411,419,427,434,441,450,462,476,489,502,515,529,543,556,569,582,593,604,616,628,640,653,665,677,689,700,709
"China,TaiwanProvinceofChina",158,7468,7725,8001,8297,8606,8930,9278,9653,10048,10444,10844,11248,11659,12075,12497,12917,13333,13742,14060,14371,14677,14955,15287,15614,15931,16233,16497,16846,17195,17553,17919,18254,18571,18877,19169,19445,19698,19914,20118,20329,20509,20681,20882,21082,21267,21447,21622,21796,21974,22124,22283,22382,22510,22624,22705,22786,22864,22966,23048,23124,23204,23244,23302,23389,23444,23501,23557,23615,23651,23668,23680,23646,23470,23370
Colombia,170,11615,11919,12238,12573,12919,13283,13663,14060,14480,14906,15366,15846,16344,16854,17374,17901,18437,18968,19503,20031,20553,21070,21568,22071,22579,23088,23602,24116,24671,25230,25802,26407,27019,27657,28319,28966,29570,30188,30811,31450,32103,32777,33419,34102,34781,35474,36136,36790,37452,38132,38778,39402,40016,40633,41242,41844,42414,42969,43502,44015,44528,45027,45492,45939,46364,46767,47173,47702,48560,49489,50327,50933,51443,52033
Comoros,174,160,164,167,171,174,178,181,185,189,193,196,199,203,206,210,213,217,221,227,234,240,248,256,264,273,283,293,303,313,323,333,343,352,362,372,383,394,405,416,427,439,450,461,469,478,486,495,503,512,521,531,541,553,565,575,587,599,611,623,636,648,661,675,688,704,719,734,749,764,779,794,810,826,842
Congo,178,826,844,863,882,903,923,945,968,992,1017,1043,1070,1099,1128,1159,1191,1225,1260,1297,1336,1376,1419,1463,1510,1558,1607,1647,1687,1728,1768,1809,1849,1890,1931,1970,2029,2090,2152,2215,2280,2347,2414,2484,2554,2636,2710,2788,2865,2911,2994,3072,3230,3315,3387,3505,3627,3766,3909,4052,4175,4388,4537,4683,4798,4916,5036,5159,5286,5416,5550,5683,5822,5962,6108
CookIslands,184,14,15,15,15,16,16,16,17,17,17,17,18,18,18,18,19,19,19,20,20,20,21,21,20,20,19,19,18,18,18,18,18,18,17,17,17,17,16,17,17,17,17,17,18,18,18,18,18,17,17,16,16,15,15,15,15,15,15,16,16,17,17,18,18,18,17,17,17,17,16,16,15,15,14
CostaRica,188,911,942,975,1009,1045,1083,1123,1165,1209,1255,1303,1352,1403,1455,1508,1560,1612,1664,1715,1764,1814,1864,1913,1963,2014,2066,2120,2176,2234,2295,2358,2423,2490,2559,2631,2704,2779,2855,2930,3006,3082,3162,3243,3326,3409,3493,3577,3661,3743,3823,3901,3974,4044,4108,4170,4230,4292,4351,4410,4470,4529,4583,4637,4691,4742,4793,4843,4891,4936,4980,5019,5049,5071,5093
Croatia,191,3840,3890,3933,3981,4031,4065,4096,4124,4149,4172,4192,4208,4238,4272,4303,4333,4361,4388,4413,4435,4454,4471,4489,4507,4525,4543,4562,4581,4600,4618,4636,4652,4677,4702,4724,4745,4764,4782,4799,4814,4828,4842,4808,4756,4703,4648,4591,4534,4475,4416,4356,4296,4306,4306,4308,4313,4315,4316,4316,4314,4307,4295,4267,4252,4233,4206,4162,4111,4047,4003,3970,3938,3911,3903
Cuba,192,5866,5983,6101,6223,6348,6477,6609,6743,6880,7020,7164,7312,7462,7620,7784,7948,8113,8274,8431,8588,8746,8903,9055,9193,9318,9430,9529,9613,9683,9740,9786,9823,9875,9950,10032,10115,10200,10289,10382,10483,10583,10680,10755,10817,10865,10907,10944,10980,11016,11053,11091,11127,11161,11194,11225,11253,11273,11284,11290,11293,11296,11299,11304,11302,11294,11277,11273,11258,11237,11217,11189,11164,11080,11039
Cura?o,531,100,103,106,109,111,115,118,121,124,128,131,133,135,138,140,142,143,145,147,149,150,152,153,154,154,155,155,156,156,156,157,157,157,157,157,157,157,157,156,156,156,156,155,155,154,153,152,151,150,148,146,145,145,147,149,151,152,153,154,155,156,157,160,162,164,166,167,168,169,194,185,185,185,185
Cyprus,196,490,497,505,513,521,529,538,548,558,569,580,593,598,604,610,615,620,626,632,638,644,651,657,665,667,659,660,665,670,675,680,686,692,701,713,725,737,749,761,772,783,794,804,817,836,854,872,889,906,923,940,956,972,990,1009,1027,1045,1064,1082,1100,1119,1137,1156,1175,1193,1211,1228,1246,1263,1279,1295,1310,1325,1338
Czechia,203,8876,8957,9037,9117,9188,9254,9325,9391,9446,9493,9524,9559,9587,9608,9647,9690,9723,9749,9769,9781,9794,9808,9837,9879,9934,9998,10063,10123,10176,10225,10267,10284,10295,10303,10303,10305,10306,10303,10304,10307,10304,10300,10309,10316,10325,10320,10304,10288,10272,10259,10244,10230,10234,10245,10253,10270,10290,10319,10356,10400,10442,10486,10505,10510,10512,10522,10527,10537,10546,10552,10557,10543,10519,10828
Dem.People'sRepublicofKorea,408,11395,10839,10328,10179,10176,10310,10497,10704,11006,11322,11584,11862,12120,12406,12728,13052,13387,13751,14166,14566,14970,15376,15769,16181,16520,16827,17116,17371,17614,17858,18109,18364,18638,18915,19194,19477,19764,20057,20353,20653,20956,21268,21589,21913,22234,22554,22784,23007,23215,23409,23587,23745,23886,24002,24178,24331,24461,24588,24705,24824,24933,25042,25154,25270,25389,25513,25637,25759,25876,25986,26089,26183,26282,26376
DemocraticRepublicoftheCongo,180,12174,12415,12671,12937,13202,13484,13777,14083,14402,14714,15069,15460,15864,16287,16728,17183,17673,18191,18735,19290,19851,20424,20967,21535,22121,22717,23325,23923,24535,25450,26323,27099,27902,28774,29728,30763,31767,32763,33834,34931,36043,37325,38526,39932,41381,43873,44995,45598,46462,48133,49693,51322,52943,54558,56130,57865,59686,61546,63410,65372,67453,69674,72025,74484,77095,79712,82359,85554,88613,91482,94413,97567,100731,104063
Denmark,208,4252,4285,4315,4349,4389,4424,4454,4479,4500,4532,4565,4593,4629,4666,4703,4741,4777,4818,4853,4877,4907,4950,4976,5008,5036,5055,5066,5080,5097,5112,5122,5124,5119,5117,5112,5111,5116,5125,5129,5130,5135,5147,5162,5181,5197,5216,5251,5275,5295,5314,5330,5349,5368,5384,5398,5411,5428,5447,5476,5512,5535,5561,5581,5603,5628,5660,5707,5749,5781,5806,5823,5840,5873,5932
Djibouti,262,61,63,65,67,70,72,74,77,79,82,84,88,91,95,100,106,112,118,125,132,141,150,160,172,185,200,219,242,267,293,316,335,351,363,376,392,413,439,469,500,547,612,650,602,627,627,639,657,686,712,736,759,784,807,820,832,846,866,883,902,921,939,958,976,994,1012,1029,1046,1063,1080,1097,1113,1129,1145
Dominica,212,50,50,51,51,52,52,53,55,56,57,59,60,61,61,62,63,64,65,66,67,69,69,70,70,71,71,72,72,73,73,73,73,73,73,72,72,72,71,71,70,70,69,69,69,69,69,69,69,69,69,69,68,68,68,69,69,69,69,69,69,69,69,69,69,70,70,71,69,68,68,68,67,67,67
DominicanRepublic,214,2346,2414,2486,2564,2646,2732,2823,2917,3014,3114,3216,3320,3426,3534,3643,3754,3864,3980,4098,4217,4337,4461,4587,4716,4848,4980,5113,5248,5383,5520,5659,5799,5938,6076,6218,6360,6501,6642,6783,6928,7076,7226,7374,7521,7668,7815,7961,8105,8243,8377,8515,8653,8787,8917,9044,9166,9284,9398,9513,9633,9757,9883,10008,10133,10255,10376,10494,10609,10725,10840,10949,11068,11179,11283
Ecuador,218,3472,3561,3654,3751,3850,3953,4059,4170,4284,4403,4527,4655,4789,4929,5074,5225,5382,5545,5713,5886,6064,6247,6434,6625,6820,7018,7219,7423,7631,7842,8056,8276,8498,8724,8956,9193,9429,9663,9896,10126,10358,10590,10815,11045,11264,11481,11700,11922,12140,12362,12580,12799,13023,13254,13490,13727,13965,14207,14451,14700,14952,15201,15451,15693,15921,16149,16383,16627,16892,17207,17473,17619,17746,17902
Egypt,818,20929,21368,21844,22366,22923,23502,24088,24687,25302,25898,26555,27238,27964,28710,29474,30244,31014,31799,32594,33403,34221,35027,35839,36677,37527,38413,39338,40253,41245,42278,43359,44542,45753,47063,48510,49984,51486,52927,54422,55954,57468,59325,60732,62229,63603,64969,66337,67719,69144,70743,72299,73867,75437,77041,78666,80289,81913,83488,85064,86665,88338,90054,92132,94190,96477,98580,100615,102675,104717,106647,108460,110171,111743,113493
ElSalvador,222,2157,2210,2261,2315,2369,2427,2487,2550,2615,2682,2753,2830,2910,2988,3069,3155,3244,3338,3433,3529,3624,3713,3802,3892,3984,4075,4166,4255,4348,4441,4520,4561,4581,4664,4750,4846,4944,5042,5143,5249,5349,5450,5540,5631,5689,5739,5785,5826,5863,5898,5930,5957,5979,5994,6003,6006,6005,6000,6020,6039,6058,6079,6102,6126,6151,6175,6193,6209,6218,6221,6223,6246,6265,6295
EquatorialGuinea,226,225,229,233,237,241,245,249,254,258,263,267,272,278,283,289,295,301,308,315,322,323,319,313,306,299,291,284,278,276,277,283,295,312,333,354,376,396,414,431,448,465,483,501,520,540,560,582,605,629,654,680,726,773,822,873,927,968,1012,1060,1109,1162,1216,1267,1320,1373,1427,1481,1535,1589,1643,1697,1736,1782,1825
Eritrea,232,809,821,833,847,862,878,895,912,925,940,961,984,1007,1032,1058,1085,1112,1138,1167,1197,1227,1260,1293,1326,1360,1392,1425,1463,1502,1543,1584,1627,1672,1719,1754,1790,1826,1864,1913,1964,2011,2055,1784,1813,1899,1929,2121,2136,2169,2192,2233,2261,2364,2422,2565,2631,2691,2716,2771,2862,2914,2977,3020,3054,3095,3095,3116,3133,3167,3218,3262,3320,3380,3439
Estonia,233,1095,1109,1123,1137,1149,1161,1173,1184,1194,1207,1213,1228,1243,1257,1271,1286,1300,1313,1327,1342,1356,1368,1381,1393,1405,1418,1429,1441,1453,1464,1472,1481,1490,1500,1511,1521,1530,1541,1553,1565,1570,1570,1560,1520,1489,1463,1443,1427,1416,1406,1401,1393,1384,1375,1366,1359,1351,1343,1338,1336,1333,1330,1325,1320,1316,1313,1316,1316,1319,1325,1329,1330,1333,1367
Eswatini,748,268,275,282,289,296,304,311,318,326,334,341,349,357,365,374,383,393,404,414,424,435,447,459,472,486,500,515,531,549,568,587,607,627,648,670,692,721,749,779,821,855,890,926,961,982,960,980,999,1014,1025,1036,1047,1056,1063,1070,1076,1082,1087,1094,1102,1108,1115,1121,1127,1133,1139,1146,1153,1164,1174,1185,1200,1213,1225
Ethiopia,231,17517,17824,18154,18498,18851,19225,19615,20023,20324,20636,21120,21633,22179,22751,23352,23981,24640,25265,25975,26701,27444,28214,28986,29763,30571,31344,32103,32966,33368,34101,34377,34481,36128,37275,38207,39265,40419,41656,43264,45037,46722,48498,50937,52771,54647,56576,58499,60437,62373,64355,66395,68428,70547,72724,74941,77213,79522,81885,84321,86766,89249,91828,94472,97125,99752,102479,105255,108181,111152,114176,117298,120537,123740,127028
FalklandIslands(Malvinas),238,2,2,2,2,2,2,2,2,2,2,2,2,2,2,2,2,2,2,2,2,2,2,2,2,2,2,2,2,2,2,2,2,2,2,2,2,2,2,2,2,2,2,2,3,3,3,3,3,3,3,3,3,3,3,3,3,3,3,3,3,3,3,3,3,3,3,3,4,4,4,4,3,3,3
FaroeIslands,234,32,32,32,32,32,32,32,33,33,33,34,34,35,35,36,36,37,37,37,38,38,38,39,39,40,40,41,41,42,42,43,43,44,44,45,45,46,46,47,47,48,47,46,46,45,44,44,44,45,45,45,46,47,47,48,48,48,48,48,49,48,48,48,48,48,49,49,50,51,51,52,53,54,54
Fiji,242,306,313,320,327,335,344,354,364,375,387,399,411,424,437,451,465,480,493,505,515,526,536,546,555,563,572,580,591,605,619,634,650,665,681,698,715,732,746,755,763,770,777,783,788,793,797,801,807,817,827,836,845,854,862,870,878,886,894,901,905,909,912,914,916,917,918,919,919,918,916,914,916,917,922
Finland,246,3987,4030,4065,4117,4163,4212,4259,4305,4343,4376,4413,4446,4476,4508,4540,4558,4570,4593,4621,4634,4614,4598,4626,4653,4679,4702,4720,4730,4747,4758,4771,4788,4812,4842,4870,4894,4911,4926,4939,4955,4975,4999,5029,5055,5078,5099,5117,5132,5147,5160,5171,5181,5195,5206,5220,5237,5256,5277,5300,5326,5351,5375,5401,5427,5451,5472,5487,5503,5513,5518,5525,5534,5548,5590
France,250,41652,42115,42553,43008,43448,43906,44366,44811,45262,45725,46203,46654,47134,47571,48064,48574,48972,49397,49752,50142,50568,51058,51528,51959,52365,52644,52848,53070,53324,53535,53787,54095,54415,54750,55029,55325,55610,55896,56201,56523,56847,57133,57410,57700,57903,58097,58287,58474,58663,58894,59274,59693,60117,60538,60945,61406,61844,62255,62610,62951,63262,63573,63895,64222,64553,64832,65001,65173,65397,65642,65817,65994,66173,66381
FrenchGuiana,254,23,24,24,24,25,25,26,27,28,29,30,32,33,35,36,38,40,41,43,44,46,47,48,50,51,53,56,58,60,63,65,68,70,74,79,84,89,94,99,105,110,115,119,123,128,132,137,141,146,151,157,165,173,181,189,198,207,215,223,229,232,237,242,249,257,264,269,274,279,283,288,290,296,301
FrenchPolynesia,258,64,65,67,69,70,73,75,78,79,81,83,85,86,88,91,94,98,101,105,108,112,116,120,124,128,132,136,140,144,149,154,159,164,169,174,179,183,188,193,198,202,206,210,213,217,220,224,227,231,235,238,242,246,250,254,258,261,265,268,269,270,271,272,274,276,277,279,280,280,279,279,280,280,281
Gabon,266,471,474,477,480,483,487,491,495,499,504,509,515,521,528,535,542,550,559,568,577,590,602,615,627,641,655,670,686,702,720,739,758,779,800,822,845,869,893,918,944,970,997,1024,1052,1081,1109,1138,1167,1196,1227,1259,1292,1327,1363,1401,1442,1485,1532,1581,1633,1690,1750,1814,1880,1946,2011,2071,2129,2185,2240,2295,2350,2404,2458
Gambia,270,303,310,318,327,335,344,353,363,372,382,393,403,414,426,438,450,462,475,488,502,517,532,547,564,580,598,616,635,656,678,702,726,752,780,809,842,876,912,950,990,1032,1077,1123,1168,1209,1246,1283,1320,1358,1396,1435,1475,1515,1556,1599,1644,1690,1740,1791,1844,1899,1955,2013,2073,2134,2195,2254,2313,2371,2428,2486,2546,2606,2667
Georgia,268,3476,3519,3564,3610,3658,3707,3761,3818,3881,3947,4017,4091,4167,4244,4321,4395,4463,4543,4623,4704,4782,4826,4860,4894,4928,4962,4997,5035,5073,5111,5146,5185,5225,5268,5313,5356,5398,5440,5482,5519,5481,5417,5342,5247,5111,4982,4870,4756,4635,4518,4393,4263,4156,4100,4071,4041,4011,3982,3953,3929,3909,3883,3854,3824,3794,3792,3792,3793,3793,3797,3797,3794,3782,3807
Germany,276,69918,69778,69786,69868,70002,70207,70461,70766,71410,71979,72504,73119,73633,74361,75035,75592,76342,76880,77061,77581,78307,78103,78589,78851,79083,78911,78493,78236,78135,78096,78200,78431,78465,78322,78126,77870,77857,77991,78134,78638,79376,80040,80566,81303,81670,81877,82163,82364,82416,81608,81748,81846,82022,82115,82108,82077,82016,81388,81209,81012,80858,80803,80912,80920,81163,81589,82566,82955,83253,83484,83635,83623,83772,84401
Ghana,288,5009,5152,5306,5469,5639,5820,6010,6209,6416,6625,6847,7076,7249,7425,7604,7787,7978,8171,8373,8579,8802,9050,9303,9574,9856,10145,10443,10747,11077,11420,11775,12108,12455,12832,13227,13514,13809,14122,14456,14817,15197,15592,15983,16387,16792,17194,17604,18017,18461,18915,19385,19889,20445,21014,21579,22157,22742,23340,23945,24555,25170,25780,26410,27058,27714,28369,29023,29690,30327,30949,31569,32206,32831,33467
Gibraltar,292,22,22,21,22,22,22,22,22,22,22,22,22,22,22,23,24,24,25,25,26,26,27,27,27,28,28,28,28,28,29,29,29,29,29,29,29,28,28,28,28,27,27,27,27,27,27,27,28,28,28,28,28,28,28,28,29,29,30,30,31,31,31,32,32,33,33,33,34,35,35,36,37,37,38
Greece,300,7620,7682,7744,7807,7875,7946,8023,8099,8175,8255,8340,8429,8465,8481,8495,8513,8530,8630,8680,8755,8739,8757,8817,8881,8905,8953,9081,9239,9325,9455,9597,9710,9799,9876,9947,10011,10063,10114,10155,10199,10237,10280,10333,10387,10439,10494,10545,10595,10649,10701,10754,10811,10875,10905,10932,10963,11000,11032,11059,11095,11121,11128,11090,11007,10928,10858,10784,10767,10740,10722,10715,10683,10476,10349
Greenland,304,23,23,24,24,25,26,27,28,29,30,31,33,34,35,37,38,39,41,42,43,45,46,47,48,48,49,49,50,50,50,50,50,51,52,52,53,53,54,55,55,56,56,56,56,56,56,56,56,56,56,56,56,57,57,57,57,57,57,57,57,56,57,57,57,56,56,56,56,56,56,56,56,56,56
Grenada,308,77,78,78,80,81,83,85,87,89,91,93,95,96,97,98,98,98,98,98,98,98,99,99,99,99,98,98,97,97,96,95,94,94,95,95,96,96,97,98,99,100,100,101,102,103,104,104,105,106,106,107,108,108,109,109,110,110,110,111,111,111,112,112,113,114,114,115,115,116,116,116,117,117,117
Guadeloupe,312,214,217,223,229,235,242,248,255,261,268,276,283,290,294,299,303,307,310,314,316,318,319,319,320,320,321,324,327,329,330,331,332,333,338,345,351,358,365,372,380,386,392,396,400,404,408,412,416,419,422,420,419,417,415,412,410,407,408,409,409,409,409,409,409,408,406,402,407,418,412,409,406,392,377
Guam,316,61,61,62,62,63,64,65,65,66,68,69,70,72,74,76,78,80,82,84,85,87,89,92,94,96,98,100,102,104,106,109,111,114,117,120,123,126,128,131,134,137,140,142,145,147,149,151,153,155,157,159,161,162,163,164,164,165,165,165,166,166,167,166,166,166,165,165,164,163,162,161,163,165,166
Guatemala,320,3058,3136,3219,3305,3393,3485,3581,3681,3784,3890,4003,4124,4248,4376,4505,4637,4773,4909,5048,5188,5326,5468,5609,5757,5907,6056,6202,6323,6480,6643,6813,6988,7163,7317,7522,7739,7960,8181,8412,8653,8898,9151,9394,9650,9909,10178,10448,10719,10996,11282,11564,11831,12107,12386,12665,12950,13226,13509,13795,14075,14356,14644,14940,15240,15535,15828,16115,16422,16712,16979,17229,17486,17711,17984
Guernsey,831,44,46,46,46,46,46,46,47,47,47,47,47,48,48,49,50,50,51,52,52,53,54,54,54,54,54,54,54,54,54,54,54,54,55,55,55,56,57,57,58,59,59,60,60,59,59,59,59,60,60,60,60,61,61,61,61,61,61,61,61,61,62,62,62,62,62,62,62,62,63,63,63,64,64
Guinea,324,2989,3037,3087,3137,3188,3241,3295,3350,3407,3466,3526,3588,3651,3717,3785,3855,3927,4002,4079,4158,4238,4317,4394,4469,4544,4617,4690,4764,4839,4917,5001,5093,5193,5302,5417,5543,5678,5823,5977,6136,6296,6573,6821,7008,7249,7441,7665,7875,7988,8176,8354,8504,8576,8772,8970,9156,9336,9546,9778,10020,10267,10525,10789,11054,11330,11616,11918,12228,12543,12866,13202,13540,13881,14229
Guinea-Bissau,624,540,548,552,556,559,563,566,568,571,574,576,579,586,593,596,581,569,565,573,583,580,589,584,590,596,631,671,717,766,817,823,836,849,863,876,891,905,919,934,950,966,982,1008,1041,1076,1108,1132,1155,1176,1199,1222,1248,1275,1304,1334,1365,1398,1433,1469,1507,1546,1587,1629,1673,1719,1764,1809,1855,1900,1945,1991,2036,2082,2129
Guyana,328,413,423,435,448,461,476,492,509,526,544,562,576,589,602,615,628,642,655,669,683,697,708,717,726,734,742,749,756,762,767,773,776,777,777,775,773,770,766,762,757,752,747,748,751,754,757,760,761,763,764,765,765,764,763,763,762,760,758,756,753,751,748,745,748,752,756,761,766,771,812,803,812,819,824
Haiti,332,3242,3290,3340,3392,3447,3504,3564,3626,3690,3756,3824,3893,3965,4038,4108,4185,4263,4342,4424,4507,4592,4679,4768,4860,4954,5050,5148,5248,5351,5455,5561,5668,5779,5893,6009,6129,6253,6380,6511,6646,6784,6925,7066,7207,7349,7491,7635,7781,7928,8076,8226,8380,8532,8683,8836,8984,9138,9295,9452,9610,9770,9837,9993,10147,10298,10449,10598,10745,10891,11034,11176,11312,11438,11570
HolySee,336,1,1,1,1,1,1,1,1,1,1,1,1,1,1,1,1,1,1,1,1,1,1,1,1,1,1,1,1,1,1,1,1,1,1,1,1,1,1,1,1,1,1,1,1,1,1,1,1,1,1,1,1,1,1,1,1,1,1,1,1,1,1,1,1,1,1,1,1,1,1,1,1,1,1
Honduras,340,1538,1580,1623,1668,1715,1764,1815,1867,1920,1976,2033,2091,2151,2213,2277,2343,2411,2482,2555,2631,2710,2792,2877,2967,3056,3143,3243,3346,3451,3559,3670,3784,3900,4018,4139,4261,4386,4512,4642,4774,4910,5051,5197,5346,5500,5658,5821,5987,6156,6313,6488,6668,6848,7029,7209,7389,7568,7746,7924,8101,8278,8453,8628,8802,8976,9150,9325,9500,9676,9854,10033,10206,10373,10554
Hungary,348,9292,9383,9463,9545,9644,9765,9881,9827,9849,9912,9962,10005,10048,10068,10099,10129,10153,10188,10226,10263,10300,10331,10357,10391,10424,10484,10547,10600,10646,10674,10702,10689,10670,10642,10604,10565,10530,10493,10458,10423,10383,10379,10377,10366,10348,10332,10314,10291,10266,10237,10203,10179,10155,10122,10096,10076,10056,10044,10024,10009,9993,9965,9928,9905,9874,9852,9827,9794,9777,9772,9769,9730,9685,9683
Iceland,352,141,144,147,149,153,156,159,163,167,170,174,177,181,184,187,191,194,197,200,203,204,205,207,211,214,217,219,221,223,225,227,229,232,236,238,241,242,244,248,252,254,256,260,262,265,267,268,270,272,276,279,283,287,289,291,294,300,308,316,319,318,319,320,322,326,329,333,338,349,357,364,369,376,384
India,356,342592,349965,357775,365975,374234,383140,392262,401716,410792,420763,430798,441183,451947,462619,473658,484801,495479,506002,517211,528223,539538,552190,564003,576962,589970,604113,618506,633218,648384,663072,679239,695469,711924,728703,746042,763709,781587,799793,818069,836617,855463,874482,893373,912541,931696,950632,969970,989386,1008881,1028449,1048003,1067843,1087954,1107247,1126360,1145624,1163729,1182029,1199323,1216539,1234511,1252452,1269998,1287351,1304308,1320247,1335802,1352086,1367229,1382090,1395971,1409264,1419143,1431703
Indonesia,360,68081,69517,71055,72698,74441,76294,78253,80312,82470,84716,87070,89522,92060,94692,97411,100256,102474,105111,107941,110959,114077,117238,120429,123651,126926,130184,133504,136843,140224,143683,147187,150714,154256,157848,161455,165048,168505,171846,175177,178533,181870,185132,188424,191663,194947,198237,201540,204869,208203,211451,214559,217597,220599,223578,226518,229335,232408,235495,238629,241686,244754,247857,251083,254314,257391,260364,263235,266020,268673,271231,273748,275882,277635,280026
Iran(IslamicRepublicof),364,16308,16713,17129,17559,17997,18456,18946,19463,19991,20542,21151,21789,22462,23154,23884,24642,25432,26226,27031,27844,28703,29587,30471,31372,32308,33285,34321,35353,36513,37740,39110,40575,43404,45140,46919,48669,50495,52397,54250,55895,57515,59246,60728,61642,61165,61876,62535,63227,64052,64988,65903,66934,67970,68053,69486,71027,72630,74155,75050,75979,76937,77905,78863,79879,80951,82053,83185,84439,85614,86622,87482,87965,88946,90103
Iraq,368,5597,5710,5838,5988,6141,6298,6434,6581,6686,6797,6943,7101,7288,7539,7797,8063,8342,8629,8929,9241,9566,9905,10250,10610,10982,11354,11733,12122,12540,12966,13374,13810,14203,14609,15072,15549,15817,16331,16711,17106,17623,17540,17995,18607,19795,20484,21168,21835,22518,23251,24022,24826,25570,26443,27162,27994,28821,28412,28371,29571,30546,31545,32778,34532,36032,37068,38053,38886,39789,40743,41642,42592,43551,44590
Ireland,372,2899,2927,2947,2936,2922,2908,2891,2876,2862,2846,2832,2823,2826,2837,2849,2865,2881,2896,2914,2931,2950,2972,3014,3061,3108,3156,3204,3253,3303,3355,3396,3434,3463,3488,3507,3524,3538,3546,3535,3515,3507,3521,3548,3569,3583,3597,3624,3653,3692,3731,3775,3830,3896,3961,4025,4107,4204,4334,4453,4519,4549,4570,4590,4611,4639,4678,4727,4780,4841,4904,4963,5003,5054,5166
IsleofMan,833,55,55,55,54,54,53,52,52,51,50,49,48,48,49,49,50,50,51,52,53,55,56,57,58,59,60,60,61,62,63,64,64,65,65,65,64,64,65,66,67,68,69,70,71,71,71,72,72,73,74,75,76,77,78,78,79,80,81,82,82,83,84,84,84,84,84,83,83,84,84,84,84,84,84
Israel,376,1258,1321,1383,1445,1507,1569,1630,1691,1750,1808,1865,1919,1995,2087,2183,2281,2382,2486,2592,2699,2809,2921,3034,3125,3201,3279,3358,3439,3520,3601,3681,3762,3842,3925,3994,4073,4138,4200,4273,4341,4422,4668,4892,5023,5149,5284,5425,5574,5719,5861,6031,6191,6329,6447,6559,6671,6785,6903,7022,7143,7269,7405,7537,7678,7821,7974,8132,8288,8436,8585,8730,8870,9015,9191
Italy,380,46175,46608,46896,47141,47681,47983,48278,48526,48788,49066,49373,49656,49974,50367,50775,51264,51697,52141,52536,52888,53232,53548,53867,54268,54633,55009,55323,55596,55833,56045,56220,56604,56689,56749,56783,56837,56874,56878,56905,56952,57001,57061,57089,57161,57181,57659,57147,57177,57202,57229,57253,57292,57320,57521,57958,58395,58644,58865,59353,59771,60037,60291,60445,60618,60689,60639,60512,60445,60336,60219,60041,59784,59674,59564
Jamaica,388,1385,1429,1466,1497,1523,1544,1563,1581,1599,1618,1639,1661,1685,1709,1733,1758,1781,1802,1823,1844,1866,1890,1917,1946,1977,2005,2033,2058,2083,2107,2132,2159,2188,2219,2250,2279,2303,2322,2338,2354,2370,2390,2412,2437,2463,2488,2512,2536,2559,2580,2599,2616,2633,2649,2665,2680,2694,2708,2720,2731,2743,2754,2767,2778,2789,2798,2807,2813,2818,2822,2825,2837,2839,2840
Japan,392,85697,87190,88510,89760,90888,91927,92924,93760,94457,95236,96010,96790,97645,98508,99409,100371,101461,102315,103616,104859,106091,107333,108571,109907,111322,112697,113945,115060,116088,117066,117977,118740,119248,119724,120174,120594,121070,121664,122224,122730,123165,123635,124145,124623,125057,125516,125829,126122,126410,126688,126915,127141,127380,127590,127753,127879,127948,128047,128129,128183,128202,128169,128024,127832,127615,127358,127193,127127,127003,126824,126575,126034,125324,124671
Jersey,832,57,58,58,59,60,60,61,61,62,63,63,64,65,65,66,67,67,68,68,69,69,70,71,72,73,74,75,75,76,76,76,77,77,78,79,80,81,82,82,83,84,85,85,85,86,86,86,86,87,87,88,88,89,90,91,92,93,94,95,96,97,98,98,99,100,101,101,102,102,103,103,103,103,104
Jordan,400,423,454,488,525,563,604,647,691,737,784,831,876,919,962,1008,1064,1135,1222,1321,1424,1522,1608,1682,1747,1809,1869,1929,1988,2050,2117,2191,2277,2374,2480,2594,2715,2843,2977,3118,3268,3431,3812,4018,4238,4459,4664,4840,4985,5107,5221,5332,5442,5556,5676,5807,5957,6102,6752,6902,7078,7206,7388,7572,7602,8382,9202,9888,10125,10344,10581,10763,10968,11165,11347
Kazakhstan,398,6672,6903,7139,7378,7619,7866,8122,8392,8676,8969,9275,9585,9899,10218,10536,10844,11142,11436,11733,12025,12287,12551,12819,13085,13331,13578,13824,14174,14533,14890,15067,15239,15408,15578,15754,15936,16126,16399,16656,16906,17088,17220,17337,17328,17221,16867,16595,16238,15849,15447,15465,15537,15614,15699,15795,15905,16031,16176,16338,16515,16725,16949,17183,17429,17684,17948,18220,18507,18797,19069,19350,19614,19873,20196
Kenya,404,5712,5827,5960,6106,6262,6435,6624,6831,7058,7291,7554,7836,8139,8459,8796,9151,9526,9910,10312,10726,11154,11584,11994,12418,12852,13289,13735,14180,14677,15191,15730,16307,16896,17516,18177,18853,19550,20253,20979,21733,22504,23282,24011,24753,25481,26233,26970,27718,28485,29291,30176,31110,32129,33131,34173,35254,36339,37469,38604,39809,41009,42188,43329,44448,45526,46577,47600,48679,49716,50698,51708,52727,53711,54794
Kiribati,296,37,38,39,40,41,42,43,43,44,45,47,48,49,50,51,53,54,55,55,56,57,58,59,60,61,61,61,60,60,60,61,62,63,64,65,66,67,69,71,72,74,76,77,78,79,81,82,83,85,86,88,89,91,93,95,97,99,101,103,105,108,110,111,113,115,116,118,119,121,123,125,127,129,132
Kosovo(underUNSCres.1244),412,771,786,802,820,838,858,878,899,922,946,971,998,1024,1050,1076,1105,1136,1169,1206,1223,1240,1259,1287,1316,1347,1380,1416,1454,1495,1538,1582,1628,1665,1701,1738,1776,1816,1858,1903,1933,1960,1988,2023,2056,2089,2121,2154,2184,2211,1947,1796,1809,1831,1828,1825,1821,1816,1810,1804,1798,1792,1786,1798,1815,1819,1799,1759,1764,1772,1763,1747,1756,1727,1709
Kuwait,414,152,156,161,166,171,176,196,218,236,264,295,327,364,406,450,496,546,599,657,718,780,838,892,948,1007,1070,1140,1217,1299,1382,1465,1545,1622,1703,1786,1855,1933,2012,2094,2175,2259,1110,1593,1677,1667,1662,1701,1759,1816,1872,1928,1982,2034,2085,2134,2180,2293,2436,2580,2723,2868,3019,3247,3428,3588,3744,3925,4083,4227,4420,4464,4336,4386,4793
Kyrgyzstan,417,1733,1769,1806,1843,1882,1923,1966,2013,2064,2118,2181,2250,2327,2408,2491,2574,2657,2739,2822,2904,2986,3065,3138,3210,3280,3348,3415,3479,3549,3620,3692,3767,3842,3923,4008,4070,4134,4203,4274,4342,4422,4497,4567,4633,4620,4678,4749,4817,4879,4936,5001,5049,5095,5138,5181,5225,5267,5297,5329,5356,5440,5543,5646,5747,5847,5949,6054,6162,6278,6406,6582,6746,6895,7016
LaoPeople'sDemocraticRepublic,418,1664,1705,1746,1787,1829,1871,1915,1959,2005,2051,2098,2145,2194,2246,2297,2349,2403,2459,2517,2576,2638,2702,2768,2836,2905,2974,3037,3093,3145,3198,3258,3327,3406,3494,3588,3688,3792,3901,4014,4131,4251,4373,4497,4622,4748,4870,4988,5103,5201,5295,5386,5476,5567,5655,5741,5823,5917,6010,6103,6195,6288,6380,6473,6565,6658,6749,6855,6963,7073,7183,7292,7401,7506,7612
Latvia,428,1911,1926,1942,1957,1973,1991,2010,2029,2051,2076,2118,2144,2170,2194,2217,2242,2263,2285,2307,2328,2348,2367,2387,2405,2427,2447,2464,2477,2492,2502,2509,2515,2525,2539,2555,2571,2588,2612,2640,2664,2665,2655,2643,2587,2541,2502,2470,2445,2421,2399,2382,2354,2322,2300,2278,2251,2229,2209,2192,2163,2121,2075,2045,2024,2002,1986,1969,1950,1935,1920,1908,1894,1877,1885
Lebanon,422,1331,1368,1407,1447,1489,1532,1576,1622,1670,1717,1768,1821,1880,1940,2001,2060,2118,2179,2234,2298,2358,2414,2478,2541,2605,2665,2721,2732,2792,2853,2912,2977,3041,3069,3121,3185,3250,3351,3420,3489,3562,3629,3709,3786,3856,3924,3998,4072,4145,4218,4293,4366,4438,4489,4562,4637,4706,4797,4892,4959,5025,5057,5135,5337,6150,6544,6401,6245,6075,5893,5696,5708,5728,5761
Lesotho,426,574,585,596,608,621,635,650,665,684,704,726,747,770,793,817,842,867,897,931,965,1001,1038,1075,1113,1152,1193,1235,1272,1308,1346,1386,1427,1469,1512,1556,1601,1647,1685,1722,1758,1793,1826,1858,1888,1915,1940,1963,1982,1994,2002,2005,2003,1999,1991,1979,1963,1943,1947,1960,1974,1988,2004,2024,2045,2068,2092,2117,2144,2170,2197,2222,2249,2274,2298
Liberia,430,910,927,945,965,984,1005,1027,1051,1075,1099,1126,1153,1182,1212,1243,1275,1308,1341,1376,1411,1448,1485,1523,1563,1605,1648,1694,1740,1792,1845,1901,1958,2016,2074,2140,2207,2274,2343,2412,2482,2554,1894,2019,2126,2185,2115,2223,2242,2584,2756,2888,2969,3062,3128,3112,3202,3400,3582,3756,3886,4000,4117,4325,4421,4519,4609,4710,4802,4896,4993,5094,5205,5314,5433
Libya,434,1125,1138,1153,1172,1195,1222,1261,1305,1353,1406,1462,1523,1588,1656,1725,1782,1826,1872,1924,1982,2047,2118,2189,2263,2365,2499,2644,2799,2964,3141,3327,3522,3721,3728,3710,3838,3960,4075,4184,4291,4395,4496,4593,4688,4779,4866,4948,5027,5103,5179,5257,5353,5455,5562,5677,5797,5921,6040,6169,6302,6432,6564,6122,6236,6373,6482,6582,6682,6795,6903,6999,7092,7179,7269
Liechtenstein,438,14,14,14,14,15,15,15,15,16,16,16,17,17,17,18,18,19,19,20,20,21,21,22,22,23,23,23,24,24,25,25,25,26,26,26,27,27,28,28,28,29,29,29,30,30,31,31,32,32,33,33,33,34,34,34,35,35,35,35,36,36,36,36,37,37,37,38,38,38,38,39,39,39,39
Lithuania,440,2421,2445,2472,2501,2530,2560,2591,2624,2660,2698,2747,2791,2834,2872,2910,2948,2983,3018,3053,3088,3119,3153,3189,3221,3251,3281,3310,3339,3367,3393,3417,3440,3465,3491,3520,3548,3577,3611,3644,3701,3691,3699,3704,3691,3669,3641,3613,3586,3561,3535,3511,3490,3456,3432,3399,3355,3290,3250,3213,3184,3142,3053,3004,2972,2944,2922,2889,2849,2810,2795,2795,2797,2792,2841
Luxembourg,442,296,297,299,301,303,304,306,308,309,311,313,315,318,321,324,328,331,335,336,338,339,340,344,348,350,353,355,357,360,363,363,364,365,365,366,366,367,370,372,376,379,384,389,395,400,405,411,416,422,427,433,439,444,449,455,461,469,476,484,494,503,512,525,537,550,563,576,591,602,614,626,635,646,661
Madagascar,450,3906,4006,4108,4213,4322,4433,4547,4666,4788,4914,5044,5178,5314,5454,5597,5743,5895,6054,6219,6394,6576,6768,6970,7179,7397,7623,7856,8098,8347,8605,8870,9142,9416,9699,9987,10282,10584,10889,11205,11534,11876,12235,12608,12994,13401,13827,14276,14746,15236,15743,16258,16775,17291,17809,18335,18878,19441,20020,20617,21231,21864,22503,23141,23783,24435,25094,25760,26440,27137,27853,28586,29321,30061,30813
Malawi,454,2925,2976,3030,3089,3150,3213,3280,3351,3425,3503,3585,3671,3760,3853,3948,4046,4146,4250,4356,4466,4577,4691,4812,4937,5071,5212,5363,5524,5706,5914,6143,6388,6645,6913,7191,7475,7766,8047,8539,8967,9385,9706,9982,10288,10280,10050,10250,10454,10670,10916,11180,11452,11734,12027,12336,12665,13015,13383,13770,14183,14609,15044,15486,15933,16390,16853,17319,17797,18283,18774,19278,19790,20305,20833
Malaysia,458,6020,6176,6339,6507,6681,6864,7056,7257,7468,7657,7854,8058,8271,8490,8715,8942,9171,9399,9615,9835,10060,10298,10549,10804,11067,11335,11609,11891,12180,12476,12780,13187,13611,14054,14517,15001,15504,16017,16537,17057,17573,18093,18592,19077,19568,20073,20588,21112,21639,22175,22696,23239,23814,24391,24968,25545,26127,26709,27288,27852,28397,28914,29410,29916,30432,30960,31506,32074,32638,33184,33697,34082,34483,34908
Maldives,462,74,75,76,78,79,81,82,84,86,88,90,92,95,97,99,102,106,111,114,118,121,125,129,133,137,141,145,150,154,158,163,167,172,177,182,187,193,200,207,214,221,228,235,242,248,254,260,265,270,275,280,284,289,294,299,304,309,319,330,342,354,367,380,393,407,421,436,451,466,480,495,509,523,525
Mali,466,4662,4732,4802,4871,4939,5007,5077,5147,5219,5288,5363,5442,5523,5605,5688,5772,5859,5946,6036,6130,6226,6327,6429,6539,6655,6775,6899,7023,7159,7300,7450,7611,7775,7946,8123,8294,8455,8607,8755,8913,9087,9271,9455,9652,9858,10076,10294,10520,10773,11066,11388,11730,12094,12482,12888,13317,13760,14220,14696,15186,15685,16205,16733,17181,17738,18302,18884,19499,20127,20757,21380,22048,22729,23416
Malta,470,291,298,303,307,312,316,320,325,329,330,331,331,331,330,329,328,327,325,323,324,325,327,328,329,331,333,334,336,338,340,342,344,346,348,350,352,354,357,360,363,366,370,373,377,380,383,386,389,392,395,398,401,404,407,410,412,415,416,418,420,422,424,426,428,429,440,450,460,476,494,515,522,527,530
MarshallIslands,584,13,13,13,13,13,13,14,14,14,14,14,15,15,16,17,17,18,18,19,21,22,23,24,24,25,26,27,27,28,29,30,31,33,34,36,37,39,40,42,43,44,45,46,47,47,48,49,49,49,50,50,51,51,52,52,52,52,52,52,52,52,52,52,51,50,49,48,47,46,45,43,42,41,39
Martinique,474,229,235,240,246,252,259,264,269,274,280,286,292,297,302,306,311,315,319,323,324,325,326,326,326,326,326,328,330,331,332,332,333,333,337,341,345,349,354,358,363,368,374,381,387,394,400,407,413,419,424,423,419,415,410,407,403,400,401,401,400,399,396,393,390,388,386,382,376,367,361,358,355,351,347
Mauritania,478,651,664,678,692,707,722,739,756,774,794,814,835,857,881,906,932,960,989,1019,1050,1083,1117,1151,1186,1222,1259,1296,1335,1373,1412,1453,1495,1539,1584,1630,1678,1727,1777,1829,1883,1923,1980,2039,2137,2212,2287,2337,2380,2443,2506,2577,2650,2708,2770,2834,2903,2975,3052,3134,3233,3336,3446,3560,3678,3791,3906,4025,4148,4273,4402,4533,4667,4803,4948
Mauritius,480,518,533,549,565,579,592,607,622,639,656,674,687,698,712,728,745,761,777,792,807,821,835,848,860,871,882,894,906,918,932,947,962,977,991,1004,1018,1032,1045,1057,1070,1082,1096,1110,1125,1140,1153,1166,1179,1190,1200,1212,1222,1230,1238,1246,1254,1261,1267,1272,1277,1281,1284,1288,1290,1292,1292,1292,1291,1290,1288,1285,1282,1278,1275
Mayotte,175,20,21,21,22,22,23,23,24,24,25,26,26,27,28,29,30,31,32,33,34,35,36,37,38,39,40,42,43,44,46,49,51,54,57,61,64,67,72,77,82,87,92,98,104,111,119,126,134,141,147,153,160,166,170,173,177,182,188,194,199,205,210,216,222,231,241,251,261,269,270,280,289,300,311
Mexico,484,27232,27944,28697,29484,30315,31191,32110,33066,34060,35091,36164,37285,38495,39763,41085,42459,43890,45369,46891,48446,50020,51610,53216,54845,56490,58151,59814,61477,63140,64818,66480,68121,69663,71203,72739,74274,75812,77359,78915,80477,82018,83623,85239,86851,88457,90062,91663,93242,94800,96350,97881,99370,100828,102269,103688,105100,106523,107985,109564,111185,112815,114433,116054,117582,119105,120464,121681,122822,123978,125169,126357,127241,128055,129171
Micronesia(Fed.Statesof),583,32,33,33,34,35,36,38,39,40,41,42,44,45,47,48,50,51,53,55,56,58,60,61,63,65,67,68,70,72,74,76,79,81,83,86,88,91,94,96,98,100,102,104,106,108,110,111,111,111,112,112,112,112,112,112,112,111,110,109,108,107,108,108,108,108,109,109,109,110,110,110,111,112,112
Monaco,492,19,20,20,21,21,21,21,21,21,22,22,22,22,22,23,23,23,23,23,24,24,24,25,25,25,25,26,26,26,27,27,27,27,28,28,29,29,29,30,30,30,30,31,31,31,31,32,32,32,32,32,32,32,32,32,32,32,32,32,32,33,34,34,35,36,36,37,37,38,38,38,38,39,39
Mongolia,496,775,788,801,814,827,841,856,881,906,933,962,993,1025,1057,1085,1115,1147,1180,1214,1246,1278,1312,1348,1386,1425,1467,1510,1554,1598,1641,1681,1722,1764,1807,1851,1897,1946,1996,2049,2103,2145,2184,2221,2257,2290,2321,2350,2377,2401,2424,2444,2466,2489,2511,2532,2553,2574,2596,2620,2649,2682,2721,2769,2822,2882,2944,3009,3073,3136,3200,3265,3317,3362,3410
Montenegro,499,399,406,414,424,431,438,444,450,456,462,468,474,481,488,494,500,506,511,517,522,527,532,538,543,549,554,560,565,571,576,582,588,592,595,599,602,605,608,612,615,619,622,625,627,629,631,632,633,634,634,634,634,634,634,633,634,634,634,633,633,632,632,633,634,633,630,626,622,618,614,610,606,602,628
Montserrat,500,13,13,13,13,13,13,12,12,12,12,12,12,12,12,12,12,12,12,11,11,11,11,11,11,11,11,11,11,11,11,11,11,11,11,11,11,11,11,11,11,11,11,10,10,9,9,8,7,7,6,5,5,4,4,5,5,5,5,5,5,5,5,5,5,5,5,5,5,5,5,5,4,4,4
Morocco,504,8827,9044,9274,9515,9764,10023,10293,10575,10866,11161,11473,11777,12085,12421,12734,13064,13415,13780,14157,14539,14930,15329,15725,16124,16528,16939,17362,17786,18243,18712,19200,19720,20251,20790,21331,21856,22372,22830,23279,23722,24157,24594,25004,25421,25808,26194,26605,27011,27415,27828,28227,28620,29009,29387,29756,30151,30566,30977,31396,31817,32244,32690,33136,33575,34000,34409,34806,35241,35652,36028,36394,36774,37134,37524
Mozambique,508,5878,5942,6014,6087,6159,6235,6314,6396,6480,6563,6658,6769,6900,7038,7181,7329,7484,7642,7807,7978,8156,8345,8568,8818,9090,9382,9700,10035,10415,10821,11236,11436,11700,11949,12199,12433,12665,12876,12769,12832,12982,13208,13497,13730,14372,15695,16226,16759,17141,17540,17929,18330,18745,19172,19613,20067,20542,21032,21543,22095,22688,23310,23988,24688,25415,26162,26934,27741,28592,29445,30324,31244,32172,33141
Myanmar,104,17573,17901,18240,18596,18964,19350,19751,20167,20598,21035,21493,21967,22454,22955,23471,24003,24556,25117,25695,26284,26886,27500,28115,28742,29311,29885,30468,31050,31662,32284,32909,33545,34172,34794,35532,36267,36979,37651,38292,38910,39520,40115,40673,41227,41778,42333,42878,43432,43986,44530,45046,45536,46006,46459,46875,47262,47615,47956,48294,48487,48834,49215,49625,50050,50475,50888,51290,51702,52088,52456,52825,53208,53566,53947
Namibia,516,512,517,523,530,537,543,551,558,567,576,586,597,609,622,637,652,669,686,706,725,747,769,792,817,841,867,895,918,944,951,975,988,997,1024,1051,1081,1113,1149,1187,1233,1345,1393,1438,1485,1533,1580,1625,1668,1711,1755,1798,1839,1875,1905,1930,1954,1979,2005,2032,2062,2093,2127,2166,2223,2282,2342,2406,2472,2541,2613,2688,2770,2851,2928
Nauru,520,3,3,4,4,4,4,4,4,4,4,5,5,5,5,5,6,6,6,6,6,7,7,7,7,7,7,7,7,7,7,8,8,8,8,8,8,9,9,9,9,10,10,10,10,10,10,10,10,10,10,10,10,10,10,10,10,10,10,10,10,10,10,10,10,11,11,11,11,11,12,12,12,12,12
Nepal,524,8309,8485,8661,8834,9003,9173,9343,9513,9683,9849,10029,10219,10418,10624,10835,11057,11290,11528,11778,12035,12299,12573,12847,13131,13419,13718,14024,14332,14667,15013,15368,15738,16107,16489,16889,17281,17674,18062,18439,18838,19277,19772,20301,20918,21442,21993,22498,22986,23453,23908,24343,24750,25143,25515,25863,26170,26448,26682,26895,27085,27261,27423,27506,27564,27616,27729,27918,27993,28030,28129,28699,29234,29716,29715
Netherlands,528,10027,10200,10329,10436,10551,10680,10822,10957,11096,11278,11418,11556,11723,11892,12046,12218,12384,12544,12671,12810,12971,13133,13284,13402,13506,13614,13746,13827,13910,13998,14103,14223,14303,14365,14429,14497,14581,14672,14778,14874,14968,15093,15217,15337,15443,15528,15602,15678,15769,15885,15995,16122,16243,16333,16401,16450,16481,16507,16556,16638,16730,16813,16889,16941,16993,17067,17148,17262,17369,17473,17602,17672,17789,18019
NewCaledonia,540,63,64,65,66,67,69,70,71,74,76,79,81,84,87,89,92,94,97,100,103,107,112,117,123,128,134,140,144,146,147,149,151,152,154,156,159,162,164,167,170,174,179,184,188,193,198,203,207,212,216,221,225,230,234,239,243,246,249,252,255,259,264,269,274,279,283,283,284,284,284,284,285,286,288
NewZealand,554,1893,1930,1973,2023,2073,2118,2162,2208,2259,2311,2356,2403,2457,2512,2564,2613,2660,2705,2741,2768,2801,2843,2891,2947,3011,3072,3116,3137,3143,3141,3142,3151,3169,3201,3237,3262,3274,3289,3309,3323,3345,3449,3513,3552,3596,3646,3703,3756,3798,3825,3846,3869,3914,3988,4057,4110,4160,4204,4242,4281,4327,4368,4397,4426,4481,4565,4663,4766,4859,4942,5037,5103,5112,5151
Nicaragua,558,1313,1350,1389,1429,1471,1514,1559,1605,1654,1704,1756,1809,1864,1921,1980,2041,2105,2171,2240,2312,2385,2461,2539,2608,2690,2774,2860,2948,3037,3123,3206,3299,3392,3485,3575,3663,3750,3838,3926,4019,4114,4211,4309,4406,4502,4597,4689,4771,4848,4919,4989,5056,5119,5180,5242,5304,5380,5458,5537,5616,5697,5778,5860,5943,6025,6108,6191,6274,6358,6442,6525,6605,6684,6777
Niger,562,2554,2641,2728,2815,2903,2991,3080,3170,3262,3357,3454,3556,3661,3768,3879,3992,4107,4224,4343,4464,4587,4713,4839,4970,5105,5245,5389,5541,5699,5867,6044,6228,6416,6609,6808,7012,7225,7447,7676,7912,8158,8414,8679,8956,9246,9551,9878,10211,10557,10926,11308,11711,12131,12568,13026,13505,14007,14530,15077,15647,16241,16857,17495,18178,18862,19570,20309,21063,21808,22568,23328,24108,24897,25727
Nigeria,566,36932,37634,38354,39078,39802,40551,41320,42112,42923,43726,44597,45511,46468,47462,48485,49539,50634,51742,52844,54022,55242,56546,57884,59320,60845,62514,64308,66208,68261,70392,72604,74925,77211,79546,81331,83722,86074,88398,90785,93255,95807,98435,101005,103740,106504,109367,112271,115238,118271,121421,124674,128091,131634,135310,139095,143019,147016,151139,155395,159795,164304,168981,173778,178624,183475,188318,193025,197862,202647,207230,211741,216252,220807,225495
Niue,570,4,5,5,5,5,5,5,5,5,5,5,5,5,5,5,5,5,5,5,5,5,5,5,5,5,4,4,4,4,4,4,3,3,3,3,3,3,3,3,3,2,2,2,2,2,2,2,2,2,2,2,2,2,2,2,2,2,2,2,2,2,2,2,2,2,2,2,2,2,2,2,2,2,2
NorthMacedonia,807,1237,1260,1282,1307,1332,1348,1363,1379,1392,1408,1426,1444,1466,1478,1500,1522,1545,1570,1595,1623,1650,1678,1704,1731,1757,1784,1812,1840,1867,1893,1920,1946,1972,1986,1998,2009,2020,2030,2041,2051,2060,2067,2045,2020,1994,1992,2005,2020,2032,2043,2053,2062,2071,2078,2085,2088,2091,2087,2077,2065,2056,2047,2034,2020,2006,1990,1971,1951,1930,1909,1886,1858,1844,1836
NorthernMarianaIslands,580,7,7,7,7,8,8,8,8,8,8,9,9,9,9,10,10,10,11,11,10,10,11,12,13,14,15,15,16,16,16,17,19,21,24,26,29,32,34,37,40,43,44,45,46,46,47,49,54,59,64,68,69,67,66,65,63,62,60,58,56,54,54,53,53,52,52,51,50,50,49,48,47,47,46
Norway,578,3250,3280,3312,3344,3378,3411,3446,3476,3508,3538,3568,3595,3625,3653,3680,3709,3738,3768,3800,3832,3863,3888,3918,3948,3973,3998,4017,4035,4051,4066,4079,4092,4107,4122,4134,4146,4159,4175,4198,4221,4233,4250,4273,4299,4325,4348,4370,4393,4417,4445,4478,4503,4524,4552,4577,4606,4640,4681,4737,4799,4858,4920,4986,5051,5109,5166,5214,5258,5295,5328,5367,5391,5425,5489
Oman,512,454,460,466,472,478,485,492,500,508,517,526,535,545,555,566,579,592,606,621,637,654,672,691,711,732,762,796,834,877,924,974,1028,1087,1149,1214,1281,1370,1457,1545,1632,1720,1808,1895,1981,2062,2102,2139,2174,2207,2238,2268,2296,2324,2350,2377,2432,2487,2542,2598,2655,2714,2801,3353,3741,3927,4078,4291,4490,4584,4611,4571,4474,4527,4933
Pakistan,586,35500,36199,36965,37789,38670,39604,40592,41636,42735,43890,45101,46318,47525,48788,50108,51492,52926,54431,55998,57623,59299,61034,62661,64505,66419,68412,70510,72730,75073,77541,80453,84129,87475,90704,93752,96578,99880,103333,106928,110521,114152,118159,121962,125132,128908,132588,136577,140538,144526,148519,152612,157146,161396,165049,169171,173401,177505,181860,187127,191872,196881,201597,205895,209439,212709,215820,218762,221516,225032,228826,232776,237228,241728,245673
Palau,585,7,8,8,8,8,8,9,9,9,9,9,9,10,10,10,10,11,11,11,11,11,12,12,12,13,13,13,13,12,12,12,12,13,13,13,14,14,14,14,15,15,15,16,16,17,17,17,18,18,19,19,19,19,20,20,20,20,19,19,19,19,18,18,18,18,18,18,18,18,18,18,18,18,18
Panama,591,851,871,893,916,940,966,992,1020,1048,1078,1109,1143,1177,1213,1251,1289,1328,1368,1409,1450,1492,1534,1578,1622,1666,1710,1755,1799,1844,1889,1934,1981,2028,2076,2126,2176,2226,2277,2327,2378,2429,2482,2535,2588,2642,2697,2752,2808,2865,2923,2981,3040,3099,3159,3220,3282,3344,3406,3469,3532,3596,3661,3726,3792,3858,3926,3994,4064,4134,4202,4267,4319,4372,4430
PapuaNewGuinea,598,1527,1560,1590,1629,1671,1716,1763,1812,1863,1915,1968,2022,2070,2118,2165,2212,2260,2312,2363,2418,2476,2536,2597,2660,2722,2784,2846,2909,2972,3035,3099,3164,3230,3298,3369,3442,3516,3593,3672,3752,3840,3953,4091,4242,4399,4561,4727,4899,5077,5256,5442,5632,5825,6023,6225,6431,6641,6855,7072,7294,7519,7748,7971,8192,8413,8634,8853,9071,9287,9502,9716,9916,10110,10296
Paraguay,600,1488,1521,1555,1590,1626,1663,1701,1740,1779,1820,1862,1905,1950,1997,2047,2099,2151,2204,2256,2309,2361,2415,2470,2529,2593,2658,2725,2793,2863,2936,3012,3094,3181,3271,3365,3461,3560,3663,3767,3874,3982,4090,4199,4308,4417,4526,4634,4741,4848,4952,5054,5148,5227,5295,5358,5419,5478,5533,5586,5641,5701,5775,5855,5939,6026,6114,6204,6294,6383,6472,6559,6649,6719,6802
Peru,604,7571,7784,8004,8230,8460,8699,8945,9201,9466,9741,10026,10322,10628,10941,11263,11593,11929,12273,12625,12983,13350,13652,14024,14397,14769,15144,15524,15910,16310,16722,17144,17578,18020,18473,18939,19411,19886,20349,20816,21293,21772,22258,22710,23183,23645,24118,24580,25043,25506,25971,26402,26794,27135,27442,27719,27985,28217,28432,28630,28808,28985,29187,29422,29679,29957,30275,30640,31093,31556,32239,32660,33017,33295,33656
Philippines,608,18501,19198,19938,20720,21545,22420,23341,24310,25321,26364,27452,28332,29253,30194,31155,32131,33120,34114,35128,36148,37173,38071,38966,39851,40737,41611,42630,43773,44963,46187,47427,48661,49963,51429,52961,54492,55934,57356,58959,60519,62012,63698,65067,66786,68276,69763,71330,73051,74767,76815,78691,80560,82243,83894,85569,87220,88812,90206,91945,93454,95315,97359,99138,101213,102939,104595,106031,107440,108799,110131,111478,112685,113517,114411
Poland,616,24564,24997,25449,25896,26357,26824,27303,27768,28385,28902,29363,29789,30170,30506,30842,31144,31432,31704,31953,32204,32442,32643,32899,33185,33482,33803,34126,34468,34789,35079,35418,35735,36066,36400,36747,37065,37337,37568,37763,37872,38004,38107,38199,38269,38321,38367,38362,38356,38340,38313,38263,38253,38241,38218,38190,38146,38103,38039,38002,37990,38014,38177,38241,38255,38264,38267,38266,38261,38249,38233,38219,38123,37958,38814
Portugal,620,8386,8451,8497,8550,8596,8638,8687,8721,8766,8820,8861,8885,8891,8900,8897,8895,8884,8861,8831,8788,8720,8619,8752,8879,8999,9119,9246,9375,9501,9611,9715,9812,9863,9908,9942,9972,9987,9999,10005,10004,9999,9980,9958,9963,9982,10015,10048,10087,10134,10185,10245,10321,10387,10439,10470,10493,10513,10535,10558,10570,10583,10575,10539,10487,10430,10383,10358,10335,10327,10324,10362,10379,10403,10431
PuertoRico,630,2219,2239,2256,2271,2285,2297,2309,2320,2329,2337,2347,2381,2421,2461,2500,2538,2575,2612,2649,2683,2714,2755,2801,2848,2895,2942,2990,3040,3089,3139,3191,3236,3277,3315,3350,3384,3415,3443,3471,3499,3525,3557,3590,3622,3652,3680,3707,3733,3758,3783,3806,3814,3812,3809,3803,3794,3783,3770,3756,3742,3728,3702,3666,3627,3587,3544,3499,3453,3291,3289,3287,3264,3242,3240
Qatar,634,24,25,25,26,27,28,29,30,31,33,35,37,42,47,53,60,68,77,86,97,109,124,139,154,170,185,201,217,233,250,267,285,302,321,339,357,375,390,404,418,433,447,462,477,492,507,522,536,565,596,629,661,694,728,761,785,866,1080,1337,1517,1655,1763,1859,1955,2110,2327,2528,2671,2742,2780,2816,2791,2839,2946
R?nion,638,245,254,263,273,283,295,306,317,329,341,353,366,378,389,401,413,424,435,445,455,465,473,482,490,499,507,516,524,533,541,549,557,565,574,584,595,606,616,626,636,647,658,670,682,694,705,716,727,738,750,759,768,777,786,795,799,802,812,826,835,842,847,846,844,851,866,864,862,856,858,857,866,870,873
RepublicofKorea,410,19757,19758,19980,20479,21071,21760,22490,23258,24063,24885,25712,26519,27187,27832,28459,29031,29538,30154,30838,31513,32193,32892,33588,34285,34967,35609,36143,36617,37070,37494,37928,38354,39024,39688,40314,40883,41415,42022,42622,43224,43826,44337,44541,44766,45009,45252,45484,45793,46090,46372,46629,46904,47183,47416,47613,47781,47922,48091,48265,48448,48646,48893,49362,49837,50305,50773,51195,51401,51572,51710,51826,51891,51806,51759
RepublicofMoldova,498,2507,2550,2596,2644,2695,2748,2803,2859,2917,2973,3042,3110,3178,3241,3302,3358,3414,3468,3521,3573,3627,3660,3695,3733,3773,3815,3859,3903,3948,3993,4028,4069,4110,4150,4194,4238,4284,4334,4384,4432,4447,4455,4458,4454,4443,4426,4402,4373,4338,4299,4257,4213,4167,4119,4072,4022,3956,3887,3816,3743,3669,3595,3520,3445,3372,3313,3261,3215,3172,3135,3090,3048,2999,3081
Romania,642,16282,16513,16739,16953,17162,17371,17579,17804,17971,18122,18254,18373,18472,18551,18623,18687,18739,18814,19183,19539,19865,20158,20429,20683,20914,21153,21383,21612,21788,21948,22091,22218,22327,22422,22497,22571,22640,22709,22782,22849,22926,22953,22942,22883,22802,22711,22605,22479,22344,22226,22107,21986,21854,21686,21501,21306,21121,20950,20791,20646,20507,20358,20206,20111,20015,19921,19821,19733,19646,19550,19453,19332,19164,19169
RussianFederation,643,102666,104118,105571,107082,108622,110305,112017,113801,115660,117518,119070,120798,122410,123813,125086,126174,127094,127973,128712,129418,130107,130628,131347,132106,132844,133674,134598,135563,136518,137440,138193,138952,139751,140744,141918,143010,144128,145487,146808,147921,148642,149317,149580,148252,148019,148382,148200,147969,147739,147532,146952,146484,145751,146128,145460,144900,144296,143910,143809,143814,143924,143945,144142,144440,144769,145083,145533,146025,146349,146512,146555,146188,145484,145675
Rwanda,646,2118,2196,2276,2357,2440,2525,2612,2702,2794,2886,2979,3066,3148,3225,3293,3376,3470,3573,3686,3802,3920,4041,4159,4281,4409,4540,4676,4816,4960,5110,5269,5438,5617,5806,6004,6211,6424,6640,6859,7077,7292,7459,7595,7771,8191,5394,5955,7463,8048,8116,8180,8248,8326,8474,8700,8934,9175,9423,9677,9932,10189,10446,10701,10959,11228,11501,11779,12060,12344,12632,12921,13211,13499,13803
SaintBarth?emy,652,2,2,2,2,2,2,2,2,2,2,2,2,2,2,2,2,2,2,2,2,2,2,2,2,2,3,3,3,3,3,3,3,3,3,4,4,4,4,5,5,5,5,6,6,6,6,6,6,7,7,7,7,7,8,8,8,8,8,9,9,9,9,9,9,9,10,10,10,10,10,10,11,11,11
SaintHelena,654,5,5,5,5,5,5,5,5,5,5,5,5,5,5,5,5,5,6,6,6,6,6,6,6,6,6,6,6,6,6,6,6,6,7,7,7,7,7,7,7,7,7,7,7,6,6,6,6,6,6,6,6,6,6,6,6,5,5,5,5,5,5,5,5,5,5,6,6,5,5,5,5,5,5
SaintKittsandNevis,659,47,48,49,50,51,52,53,53,54,55,56,56,55,54,53,52,51,49,48,47,45,44,44,44,44,44,44,43,43,43,43,43,43,42,42,42,42,41,41,41,41,40,40,41,42,42,43,43,44,44,45,46,46,46,46,46,46,47,47,47,47,47,47,47,47,47,47,47,47,47,47,47,47,47
SaintLucia,662,92,94,94,94,94,94,94,93,93,93,92,93,94,95,96,97,98,99,100,101,102,104,105,107,108,110,112,113,115,117,118,120,122,124,126,128,130,132,134,136,137,138,141,143,145,147,149,151,154,156,158,160,161,162,164,165,166,167,168,169,170,171,172,173,174,175,175,176,177,177,178,179,179,179
SaintMartin(Frenchpart),663,3,3,3,3,3,4,4,4,4,4,4,4,4,5,5,5,5,5,6,6,6,6,6,6,7,7,7,7,8,8,8,8,9,10,13,15,17,20,22,25,28,29,29,29,29,29,29,29,29,29,30,30,31,32,33,34,34,35,36,36,37,37,37,37,37,37,37,37,37,35,33,30,29,28
SaintPierreandMiquelon,666,4,5,5,5,5,5,5,5,5,5,5,5,5,5,5,5,5,5,5,6,6,6,6,6,6,6,6,6,6,6,6,6,6,6,6,6,6,6,6,6,6,6,6,6,6,6,6,6,6,6,6,6,6,6,6,6,6,6,6,6,6,6,6,6,6,6,6,6,6,6,6,6,6,6
SaintVincentandtheGrenadines,670,61,62,64,66,68,70,73,75,78,81,84,85,87,88,89,90,92,93,94,95,96,96,97,98,99,100,101,102,102,103,104,105,106,106,107,108,109,110,110,111,112,112,112,113,113,113,113,113,113,113,114,114,113,113,113,113,112,112,111,111,110,110,109,108,108,107,107,106,105,105,104,103,102,102
Samoa,882,87,89,92,94,96,98,100,103,105,108,111,114,117,120,123,126,130,133,135,137,139,141,144,146,147,151,155,159,161,162,164,165,166,167,167,167,167,167,168,169,169,169,170,171,172,174,175,177,178,180,181,182,184,185,186,187,187,188,189,191,192,194,196,197,199,201,203,204,206,209,211,213,215,216
SanMarino,674,13,13,13,13,14,14,14,14,15,15,15,16,16,16,17,17,17,18,18,18,18,18,19,19,19,19,19,19,21,21,21,22,22,22,22,22,23,23,23,23,23,24,24,24,25,25,25,26,26,26,27,27,27,28,28,28,29,29,30,30,30,31,33,34,34,34,34,34,34,35,35,35,34,34
SaoTomeandPrincipe,678,60,61,62,63,64,64,65,66,66,67,68,68,69,70,70,71,72,73,74,75,77,78,80,82,84,86,88,90,93,95,97,100,102,103,105,107,110,112,115,118,121,124,127,129,132,134,136,138,140,142,143,145,148,152,156,160,164,168,172,176,180,184,188,191,195,199,202,205,209,212,215,220,224,229
SaudiArabia,682,1674,1733,1794,1859,1926,1996,2068,2144,2223,2305,2391,2480,2573,2669,2770,2874,2983,3097,3218,3348,3487,3638,3810,4002,4211,4436,4676,4939,5227,5537,5870,6226,6615,7034,7472,7922,8381,8876,9384,9874,10383,10899,11423,11951,12481,13019,13560,14102,14647,15197,15747,16608,17475,18347,19226,20113,21007,21911,22825,23750,24685,25629,26582,27543,28511,29485,30464,30971,30594,30137,30809,31173,31483,32867
Senegal,686,2524,2587,2653,2721,2794,2869,2948,3030,3115,3203,3294,3388,3485,3585,3687,3794,3906,4023,4145,4270,4400,4533,4671,4813,4958,5101,5241,5377,5503,5634,5772,5919,6075,6239,6410,6588,6778,6978,7185,7394,7610,7831,8055,8282,8511,8737,8959,9175,9392,9614,9848,10089,10337,10595,10847,11104,11367,11634,11907,12191,12484,12787,13131,13490,13932,14373,14814,15255,15695,16134,16572,17007,17435,17867
Serbia,688,5980,6038,6096,6158,6226,6307,6385,6460,6533,6602,6669,6737,6806,6872,6937,7000,7062,7124,7185,7243,7299,7350,7400,7449,7498,7547,7598,7648,7695,7739,7778,7815,7841,7858,7871,7879,7884,7885,7885,7884,7879,7870,7864,7856,7844,7831,7816,7799,7779,7753,7716,7673,7631,7603,7579,7553,7525,7497,7469,7440,7411,7381,7349,7300,7252,7202,7152,7100,7047,6993,6939,6877,6794,6788
Seychelles,690,38,39,39,39,39,40,40,41,41,42,43,44,45,46,47,48,49,50,51,52,54,55,56,58,59,60,62,64,65,65,66,67,67,68,69,69,70,71,72,73,74,74,75,76,77,78,79,79,80,81,83,84,85,86,88,89,90,91,92,93,94,96,98,101,103,106,109,111,114,116,119,122,124,127
SierraLeone,694,1988,2011,2035,2059,2082,2108,2134,2162,2191,2219,2251,2286,2323,2362,2403,2446,2491,2538,2587,2636,2687,2738,2788,2840,2894,2947,3002,3056,3115,3176,3239,3305,3373,3444,3520,3598,3679,3778,3882,3987,4081,4313,4180,4153,4161,4185,4173,4225,4282,4309,4327,4520,4865,5078,5277,5434,5569,5680,5819,5970,6141,6304,6470,6632,6796,6957,7119,7292,7467,7643,7821,8004,8185,8368
Singapore,702,987,1040,1096,1156,1219,1286,1355,1427,1490,1542,1594,1645,1696,1746,1797,1846,1895,1943,1988,2032,2073,2111,2146,2182,2218,2252,2285,2317,2346,2375,2402,2473,2590,2665,2707,2735,2736,2754,2809,2889,2989,3091,3182,3271,3365,3471,3597,3733,3861,3942,3991,4080,4153,4141,4136,4210,4327,4487,4706,4908,5029,5125,5240,5347,5424,5492,5559,5597,5611,5657,5682,5559,5534,5766
SintMaarten(Dutchpart),534,1,2,2,2,2,2,2,2,2,2,3,3,3,3,4,4,4,5,5,6,6,7,7,8,8,9,9,10,11,11,12,13,14,15,17,18,20,22,23,25,27,29,31,32,32,32,32,32,31,31,31,31,31,31,32,32,32,33,33,33,34,34,35,35,36,37,38,39,39,40,41,41,42,42
Slovakia,703,3438,3493,3558,3626,3694,3762,3833,3904,3970,4036,4094,4155,4216,4256,4301,4346,4384,4420,4452,4481,4509,4542,4579,4621,4666,4715,4763,4814,4862,4910,4957,4996,5034,5070,5103,5136,5167,5194,5218,5241,5259,5273,5296,5317,5336,5350,5358,5367,5373,5377,5380,5380,5378,5377,5375,5377,5377,5377,5377,5381,5389,5395,5402,5408,5413,5418,5423,5432,5440,5447,5454,5456,5430,5517
Slovenia,705,1438,1454,1471,1488,1507,1524,1541,1557,1572,1585,1599,1611,1626,1640,1654,1668,1682,1697,1711,1723,1734,1745,1760,1776,1793,1809,1826,1843,1860,1877,1895,1912,1918,1918,1928,1937,1946,1984,1992,1995,1996,2000,1999,1993,1988,1988,1988,1985,1983,1977,1986,1988,1991,1992,1993,1994,2000,2006,2022,2028,2043,2046,2051,2055,2058,2059,2061,2062,2063,2076,2091,2114,2113,2118
SolomonIslands,90,108,110,112,115,118,121,124,127,130,134,138,141,145,148,151,155,159,162,166,170,175,179,183,187,192,198,204,211,218,226,234,242,251,260,269,278,287,297,306,316,326,337,347,357,368,379,390,402,413,425,436,445,453,462,470,479,487,496,504,513,523,543,563,584,606,628,651,674,697,721,735,754,772,790
Somalia,706,2181,2245,2308,2372,2435,2500,2565,2632,2700,2767,2839,2914,2990,3070,3151,3235,3321,3409,3500,3593,3689,3788,3887,3992,4100,4204,4311,4421,4548,5082,5816,6056,5909,6098,6299,6558,6828,7121,7335,7135,7094,7071,6556,6434,6929,7125,7445,7664,7985,8326,8659,9019,9378,9722,10096,10466,10823,11128,11517,11809,12113,12410,12287,12635,13104,13575,14039,14658,15175,15730,16332,16970,17572,18031
SouthAfrica,710,12908,13169,13449,13742,14044,14364,14703,15059,15431,15810,16220,16660,17156,17681,18228,18795,19384,19996,20632,21283,21947,22613,23271,23948,24641,25338,26044,26747,27491,28248,29021,30017,31065,32166,33313,34473,35612,36750,37903,39058,40199,41294,42082,42805,43789,44219,44864,45382,45952,46496,46965,47355,47779,48260,48741,49242,49738,50259,50799,51431,52026,52662,53329,54236,55121,56069,57379,57141,58130,59096,60079,61045,61960,62797
SouthSudan,728,2476,2511,2549,2590,2634,2680,2730,2779,2829,2868,2910,2954,3000,3049,3097,3163,3216,3256,3299,3344,3387,3432,3505,3580,3675,3772,3871,3973,4075,4180,4285,4393,4502,4614,4710,4792,4877,4966,4959,4737,4690,4786,4888,4932,4980,5162,5290,5424,5594,5646,5897,6167,6449,6744,7062,7404,7776,8177,8601,9035,9453,10039,10537,10976,11357,11113,11102,10558,9960,10286,10561,10836,10895,11147
Spain,724,28016,28139,28291,28521,28744,28971,29208,29439,29701,29998,30283,30527,30872,31208,31552,31931,32290,32642,33000,33341,33653,33972,34343,34737,35116,35607,35984,36368,36734,37076,37385,37690,37935,38159,38347,38528,38675,38796,38908,38997,39062,39108,39296,39545,39758,39959,40146,40328,40519,40715,40910,41129,41362,42150,42864,43606,44312,45079,45954,46516,46755,46926,47070,46967,46754,46687,46681,46785,46952,47233,47637,47722,47749,47907
SriLanka,144,7741,7881,8032,8191,8359,8533,8714,8901,9101,9316,9544,9779,10020,10268,10522,10784,11050,11318,11596,11876,12152,12422,12681,12937,13185,13426,13671,13922,14177,14444,14716,14980,15219,15355,15423,15461,15628,15835,15998,16159,16338,16367,16584,16895,17157,17394,17734,18076,18420,18772,19118,19469,19732,19879,20024,20151,20282,20423,20562,20697,20816,20942,21076,21263,21455,21640,21820,22002,22173,22333,22488,22636,22765,22905
StateofPalestine,275,941,949,957,967,978,990,1003,1017,1032,1047,1064,1082,1100,1119,1136,1145,1150,1143,1128,1115,1111,1121,1147,1183,1222,1261,1298,1335,1371,1408,1448,1490,1535,1587,1651,1726,1764,1814,1939,2016,2096,2182,2275,2374,2476,2582,2691,2803,2917,3009,3103,3200,3284,3361,3436,3515,3600,3690,3783,3875,3968,4066,4166,4265,4366,4466,4577,4689,4797,4904,5011,5128,5243,5368
Sudan,729,6099,6281,6471,6666,6866,7074,7290,7514,7745,7981,8232,8497,8773,9065,9371,9691,10025,10370,10731,11105,11493,11899,12313,12743,13355,13806,14324,14816,15357,16033,16678,17440,18121,18852,19368,19725,20086,20490,20920,21357,21799,22244,22697,23157,23734,24354,24990,25473,26127,26791,27470,28164,28870,29587,30205,30909,31616,32369,33160,34088,35050,35779,36503,37344,38228,39419,40630,41889,43539,44922,46174,47404,48730,50037
Suriname,740,194,198,203,209,215,222,229,236,243,251,260,268,277,291,304,315,325,337,349,361,373,386,398,397,395,393,390,387,383,380,376,375,376,377,380,384,390,395,399,406,411,414,416,419,420,425,434,443,453,462,472,482,492,502,511,517,522,528,534,540,547,553,559,566,572,579,585,591,597,602,609,615,620,626
Sweden,752,6986,7047,7099,7151,7192,7235,7290,7341,7393,7436,7471,7498,7542,7581,7627,7695,7771,7840,7893,7932,8004,8081,8115,8130,8145,8177,8209,8236,8267,8284,8303,8318,8323,8327,8330,8342,8358,8381,8414,8459,8527,8590,8644,8692,8745,8816,8837,8844,8847,8854,8861,8883,8909,8941,8976,9012,9048,9113,9183,9257,9341,9416,9483,9556,9645,9748,9851,9995,10120,10230,10328,10379,10453,10522
Switzerland,756,4668,4717,4779,4844,4907,4970,5034,5097,5163,5230,5296,5360,5508,5639,5749,5829,5884,5952,6031,6104,6169,6193,6234,6288,6327,6356,6321,6284,6279,6285,6304,6336,6373,6410,6428,6456,6485,6524,6567,6621,6675,6752,6842,6908,6968,7019,7062,7082,7097,7124,7164,7204,7249,7308,7359,7410,7454,7503,7588,7696,7779,7872,7957,8041,8141,8239,8329,8421,8486,8547,8608,8673,8741,8843
SyrianArabRepublic,760,3578,3646,3723,3807,3898,3997,4104,4217,4338,4466,4602,4745,4886,5033,5188,5350,5520,5698,5883,6075,6275,6486,6710,6942,7179,7425,7683,7951,8230,8516,8808,9107,9413,9732,10078,10439,10812,11194,11584,11980,12378,12780,13181,13590,14001,14416,14818,15218,15617,16024,16432,16844,17259,17678,18101,18573,19055,20219,21549,21724,22230,22735,23022,22498,20836,19711,19138,19250,19200,19956,20751,21348,21910,23015
T?kiye,792,20715,21327,21961,22619,23298,23974,24647,25469,26293,27117,27936,28724,29515,30318,31136,31950,32740,33615,34486,35358,36218,37059,37978,38882,39777,40644,41463,42337,43209,44081,44940,45878,46764,47880,49015,50133,51241,52315,53373,54446,55507,56524,57496,58485,59514,60554,61495,62407,63299,64170,65014,65838,66652,67446,68218,68967,69692,70399,71102,72022,72907,73786,74644,75750,77056,79017,81012,82292,83875,84957,85758,86425,86948,87169
Tajikistan,762,1498,1559,1618,1674,1728,1783,1838,1893,1951,2012,2078,2146,2218,2293,2371,2452,2534,2620,2708,2799,2891,2982,3075,3172,3272,3377,3484,3596,3711,3826,3939,4051,4167,4288,4414,4546,4692,4852,5026,5204,5330,5467,5615,5684,5766,5884,6013,6120,6159,6193,6223,6346,6469,6595,6722,6859,6991,7124,7265,7412,7568,7736,7914,8115,8319,8532,8755,8976,9196,9419,9641,9857,10077,10288
Thailand,764,20167,20689,21241,21814,22404,23022,23664,24330,25019,25715,26461,27242,28058,28904,29781,30683,31615,32557,33519,34486,35461,36448,37427,38441,39455,40451,41429,42364,43324,44254,45183,46117,47035,47954,48892,49811,50730,51625,52523,53416,54281,55195,56080,56978,57838,58683,59513,60327,61122,61923,62675,63341,63962,64571,65165,65739,66296,66839,67365,67874,68368,68791,69223,69649,70041,70391,70690,71029,71291,71461,71583,71700,71755,71716
Timor-Leste,626,413,416,420,425,429,434,440,446,452,458,465,472,479,487,495,503,511,520,529,539,548,558,568,578,588,594,602,613,624,634,644,656,665,673,682,692,702,713,724,737,753,768,788,810,833,856,880,905,930,955,714,776,848,910,924,934,962,991,1019,1046,1072,1098,1123,1147,1170,1193,1217,1240,1264,1288,1314,1339,1362,1377
Togo,768,1387,1412,1437,1463,1489,1516,1544,1572,1600,1629,1658,1688,1718,1748,1782,1825,1882,1955,2037,2123,2206,2283,2353,2417,2480,2543,2606,2670,2734,2802,2878,2964,3062,3168,3278,3388,3494,3602,3713,3826,3941,4057,4174,4293,4122,4324,4498,4658,4792,4930,5071,5209,5345,5481,5623,5770,5919,6102,6275,6463,6641,6824,7009,7193,7378,7567,7760,7957,8157,8360,8566,8774,8983,9196
Tokelau,772,2,2,2,2,2,2,2,2,2,2,2,2,2,2,2,2,2,2,2,2,2,2,2,2,2,2,2,2,2,2,2,2,2,2,2,2,2,2,2,2,2,2,2,2,2,2,2,2,2,2,2,2,2,2,2,2,2,2,2,2,2,2,2,2,2,2,2,2,2,2,2,2,2,2
Tonga,776,49,50,52,53,55,56,58,60,62,63,65,67,69,71,73,75,77,79,81,82,84,85,87,88,90,92,94,96,97,97,98,98,98,98,98,98,98,98,99,99,100,100,100,100,100,100,100,100,101,102,102,103,104,104,105,105,106,107,107,107,107,108,108,107,107,106,106,105,105,106,106,106,105,105
TrinidadandTobago,780,640,657,674,692,711,731,751,772,793,815,835,854,872,889,905,921,936,950,963,975,986,997,1009,1021,1034,1047,1060,1073,1086,1100,1115,1129,1142,1154,1167,1179,1196,1211,1224,1236,1247,1257,1267,1276,1285,1292,1298,1304,1308,1312,1317,1322,1329,1335,1342,1349,1355,1362,1369,1375,1383,1391,1399,1408,1417,1425,1433,1441,1450,1491,1478,1484,1492,1500
Tunisia,788,3573,3645,3719,3797,3878,3961,4049,4116,4157,4198,4243,4291,4341,4397,4457,4522,4600,4704,4818,4942,5067,5195,5328,5465,5609,5760,5918,6076,6236,6383,6530,6682,6834,6983,7125,7315,7505,7696,7884,8065,8238,8411,8593,8772,8944,9093,9229,9359,9483,9600,9712,9818,9921,10022,10121,10211,10300,10393,10491,10595,10707,10825,10947,11073,11210,11338,11466,11591,11710,11821,11929,12019,12078,12161
Turkmenistan,795,1257,1281,1307,1334,1365,1399,1437,1478,1522,1569,1618,1669,1722,1777,1832,1888,1944,2000,2055,2111,2167,2224,2282,2341,2401,2463,2526,2591,2657,2725,2796,2869,2946,3026,3110,3199,3296,3399,3506,3612,3712,3809,3903,3986,4079,4155,4228,4300,4373,4448,4537,4629,4722,4817,4911,5005,5099,5195,5293,5397,5506,5622,5745,5873,6006,6144,6287,6433,6581,6730,6878,7022,7162,7298
TurksandCaicosIslands,796,5,5,5,5,5,5,5,5,5,5,6,6,6,6,6,6,6,6,6,6,6,6,6,6,6,6,7,7,7,7,7,8,8,8,9,9,10,10,11,11,11,12,13,13,14,15,15,16,17,18,18,19,20,21,22,23,25,26,27,28,29,30,31,33,34,36,38,39,41,42,44,45,46,46
Tuvalu,798,5,5,5,5,5,5,5,5,5,6,6,6,6,6,6,6,6,6,6,6,6,6,6,6,6,6,6,7,7,7,7,7,8,8,8,8,8,8,8,9,9,9,9,9,9,9,9,9,9,9,10,10,10,10,10,10,10,10,10,10,11,11,11,11,11,11,11,11,11,11,10,10,10,10
Uganda,800,5672,5830,5992,6162,6337,6520,6708,6903,7105,7315,7532,7750,7975,8210,8458,8715,8983,9262,9555,9862,10168,10475,10761,11011,11278,11572,11879,12196,12523,12861,13144,13408,13705,14042,14401,14814,15233,15702,16207,16734,17287,17853,18459,19111,19779,20438,20893,21570,22142,22890,23625,24375,25116,25950,26755,27554,28372,29216,30091,30988,31914,32867,33842,34833,35841,36950,38113,39486,40869,42263,43737,45178,46644,47981
Ukraine,804,37063,37559,38057,38557,39056,39585,40135,40703,41294,41960,42529,43120,43680,44207,44717,45185,45589,46016,46416,46813,47140,47383,47764,48130,48424,48729,49001,49240,49433,49610,49833,50077,50301,50504,50770,51005,51212,51425,51606,51844,51992,52116,52226,52422,52279,51873,51458,50995,50579,50180,49773,49341,48873,48482,48149,47810,47361,47197,46929,46709,46538,46374,46242,46178,46075,45869,45700,45533,45339,45079,44836,44524,44073,38024
UnitedArabEmirates,784,72,77,82,87,93,98,104,110,116,122,128,135,141,149,156,163,171,177,182,217,263,310,360,410,462,516,570,662,759,860,964,1067,1132,1200,1270,1342,1414,1521,1628,1736,1844,1952,2061,2169,2276,2381,2488,2707,2928,3153,3379,3608,3839,4074,4311,4547,4782,5236,6013,6592,6822,7055,7344,7650,8014,8460,8889,9173,9296,9398,9358,9539,10039,10445
UnitedKingdom,826,49931,50311,50383,50610,50844,51072,51281,51520,51792,52079,52374,52703,53067,53479,53827,54191,54527,54826,55121,55360,55552,55775,56005,56153,56225,56225,56216,56187,56165,56186,56252,56313,56297,56289,56375,56527,56685,56818,56954,57100,57265,57471,57639,57799,57923,58083,58226,58371,58523,58731,58947,59168,59408,59674,59967,60373,60820,61283,61789,62266,62747,63266,63753,64168,64610,65122,65643,66144,66565,66940,67282,67422,67916,68443
UnitedRepublicofTanzania,834,7533,7717,7909,8109,8317,8533,8757,8992,9239,9496,9763,10040,10335,10640,10959,11297,11645,12010,12390,12814,13259,13726,14217,14742,15278,15845,16432,17040,17665,18288,18896,19483,20086,20711,21449,22109,22894,23624,24437,25102,25775,26445,27116,27800,28866,30019,30748,31144,32013,32828,33772,34748,35649,36594,37585,38634,39730,40860,42011,43130,44138,45379,46680,48069,49579,51124,52918,54730,56576,58298,60051,61894,63767,65657
UnitedStatesVirginIslands,850,27,28,28,28,29,29,30,30,31,31,32,34,37,40,43,47,50,53,56,59,62,66,70,74,78,81,84,87,90,93,96,97,98,99,100,101,101,102,102,102,102,103,104,105,106,107,107,108,108,109,109,109,109,108,108,108,108,107,107,107,107,106,105,104,103,101,99,96,94,91,88,88,87,86
UnitedStatesofAmerica,840,153067,155338,157625,159964,162373,164900,167500,170150,172849,175582,178710,181839,185140,188309,191341,194297,197010,199521,201879,204143,206457,209136,211717,213968,216045,218108,220151,222187,224332,226460,228690,231027,233376,235790,238183,240525,242856,245052,247271,249516,251834,254913,258030,261182,264085,266865,269547,272175,274761,277477,280094,282875,285685,288484,291332,294240,297193,300267,303421,306520,309527,312598,315612,318619,321603,324628,327625,330734,333675,336438,339142,339730,340593,342475
Uruguay,858,2224,2245,2268,2294,2322,2352,2382,2414,2447,2481,2514,2546,2578,2609,2639,2668,2695,2720,2744,2765,2783,2799,2814,2829,2845,2863,2882,2901,2918,2933,2946,2958,2969,2982,2996,3009,3025,3041,3059,3077,3095,3114,3131,3148,3164,3181,3198,3215,3232,3247,3261,3271,3277,3280,3282,3284,3287,3292,3298,3306,3314,3323,3331,3340,3351,3362,3374,3385,3392,3397,3398,3400,3393,3389
Uzbekistan,860,6168,6312,6458,6615,6781,6958,7150,7354,7572,7806,8065,8354,8682,9027,9377,9738,10106,10473,10845,11219,11587,11938,12285,12645,13017,13401,13796,14201,14616,15016,15415,15825,16245,16680,17136,17621,18129,18662,19198,19723,20231,20699,21227,21743,22233,22694,23142,23562,23956,24314,24638,24936,25244,25556,25867,26192,26522,26876,27276,27714,28165,28606,29040,29483,29965,30481,31017,31552,32087,32660,33269,33904,34584,35294
Vanuatu,548,51,52,53,54,55,56,57,59,60,62,64,65,67,69,71,73,75,78,80,83,85,88,90,93,96,99,102,105,108,112,114,117,120,122,126,129,132,135,139,143,146,150,154,158,161,165,169,173,176,180,184,189,193,198,203,208,213,219,224,230,236,241,246,252,257,263,269,275,282,289,295,302,309,317
Venezuela(BolivarianRepublicof),862,5368,5609,5856,6107,6363,6623,6889,7160,7439,7725,8013,8307,8605,8909,9219,9536,9859,10190,10527,10868,11212,11563,11919,12280,12647,13023,13409,13804,14210,14624,15045,15471,15903,16340,16784,17234,17689,18158,18632,19110,19588,20066,20544,21018,21491,21959,22428,22896,23367,23835,24298,24756,25204,25667,26118,26563,27008,27441,27858,28250,28627,28999,29371,29737,30088,30420,30728,30804,30327,29288,28588,28300,28175,28251
VietNam,704,24832,25370,25831,26457,27059,27797,28536,29309,30200,31117,32054,33010,33809,34769,35730,36673,37586,38464,39326,40143,41021,41929,42969,43889,44931,45896,47069,48300,49609,50890,51867,53114,54363,55660,57016,58396,59725,60969,62200,63486,64809,66201,67583,68938,70235,71474,72626,73687,74767,75832,76743,77565,78373,79171,79956,80721,81455,82881,84386,85965,86955,87956,88981,90040,91106,92253,93394,94606,95747,96727,97620,98538,99332,100029
WallisandFutunaIslands,876,8,9,9,9,10,10,10,9,9,9,9,8,8,8,8,8,8,8,8,9,9,9,9,9,9,9,9,10,10,10,11,11,12,12,13,13,13,13,13,13,13,14,14,14,14,14,14,14,14,15,15,15,15,15,15,15,14,14,14,14,13,13,13,13,12,12,12,12,12,12,12,12,12,11
WesternSahara,732,12,14,15,16,18,19,21,23,25,27,29,31,34,37,39,42,45,48,53,59,65,79,79,78,77,76,58,71,84,98,112,123,131,138,143,149,155,160,166,171,177,182,188,194,199,205,215,228,240,253,265,279,292,305,318,332,345,360,374,388,402,417,433,449,466,479,493,506,519,532,545,554,563,574
Yemen,887,4585,4648,4720,4797,4878,4964,5055,5151,5252,5359,5473,5592,5718,5846,5976,6120,6271,6432,6601,6780,6972,7159,7356,7564,7782,8012,8255,8513,8784,9070,9379,9708,10057,10425,10818,11233,11674,12128,12612,13107,13621,14155,14706,15273,15854,16444,17036,17590,18158,18734,19325,19924,20529,21142,21771,22419,23161,23925,24711,25513,26343,27166,28000,28868,29758,30694,31624,32594,33588,34582,35641,36629,37651,38794
Zambia,894,2286,2357,2430,2505,2582,2662,2745,2830,2918,3010,3105,3203,3305,3411,3521,3633,3751,3873,4000,4132,4263,4381,4504,4634,4771,4914,5066,5222,5383,5548,5716,5890,6077,6281,6481,6680,6882,7091,7292,7491,7688,7885,8079,8275,8473,8680,8892,9116,9358,9607,9873,10162,10488,10808,11160,11517,11921,12338,12792,13251,13730,14201,14674,15153,15645,16145,16653,17176,17707,18241,18787,19332,19875,20430
Zimbabwe,716,2746,2835,2926,3019,3115,3213,3314,3418,3525,3636,3750,3869,3992,4120,4252,4388,4529,4674,4823,4978,5138,5293,5456,5629,5812,6005,6193,6382,6517,6570,6725,7357,7640,7953,8244,8539,8835,9131,9439,9728,10002,10272,10537,10868,10852,10894,11055,11261,11478,11710,11856,11928,12016,12159,12306,12426,12541,12732,12876,13042,13243,13470,13721,13915,14113,14302,14496,14705,14920,15149,15394,15660,15935,16203
