{
    "$schema": "https://vega.github.io/schema/vega-lite/v5.json",
    "width": "container",
    "height": 300,
    "projection": {"type": "equalEarth"},
    "title": {"text": "Intentional homicides per country per 100k"},
    "params": [
      {
        "name": "Year_selection",
        "value": 2020,
        "bind": {
          "input": "range",
          "min": 1998,
          "max": 2021,
          "step": 1,
          "name": "Year: "
        }
      }
    ],
    "layer": [
      {
        "mark": {"type": "geoshape", "filled": false, "color": "lightgray"},
        "data": {
          "url": "https://raw.githubusercontent.com/LucasOng1/3179/refs/heads/main/ne_110m_graticules_30.json",
          "format": {"type": "topojson", "feature": "ne_110m_graticules_30"}
        }
      },
      {
        "data": {
          "url": "https://gist.githubusercontent.com/alexwebgr/10249781/raw/2df84591a9e1fb891bcfde3a3c41d6cfc70cb5ee/world-topo.json",
          "format": {"type": "topojson", "feature": "countries"}
        },
        "transform": [
          {
            "calculate": "'Data is not available in ' + datum.properties.name",
            "as": "note"
          }
        ],
        "mark": {
          "type": "geoshape",
          "fill": "#ddd",
          "stroke": "white",
          "strokeWidth": 1,
          "opacity": 0.75
        },
        "encoding": {"tooltip": {"field": "note"}}
      },
      {
        "data": {
          "url": "https://raw.githubusercontent.com/LucasOng1/3179/refs/heads/main/crime_rate.csv",
          "format": {"type": "csv"}
        },
        "transform": [
          {
            "lookup": "Country Name",
            "from": {
              "data": {
                "url": "https://gist.githubusercontent.com/alexwebgr/10249781/raw/2df84591a9e1fb891bcfde3a3c41d6cfc70cb5ee/world-topo.json",
                "format": {"type": "topojson", "feature": "countries"}
              },
              "key": "properties.name"
            },
            "as": "geo"
          },
          {"filter": "datum['Year'] == Year_selection"},
          {
            "filter": "isValid(datum['Crime rate']) && datum['Crime rate'] !== NaN"
          }
        ],
        "mark": {
          "type": "geoshape",
          "stroke": "#fff",
          "strokeWidth": 0.5,
          "opacity": 0.75
        },
        "encoding": {
          "shape": {"field": "geo", "type": "geojson"},
          "color": {
            "field": "Crime rate",
            "type": "quantitative",
            "title": "Homicides per 100k",
            "scale": {
              "type": "threshold",
              "range": [
                "#fff5f0", "#fee0d2", "#fcbba1", "#fc9272", "#fb6a4a", "#ef3b2c", "#cb181d", "#a50f15", "#67000d"
              ],
              "domain": [1, 5, 10, 15, 20, 25, 30, 35]
            }
          },
          "tooltip": [
            {"field": "Country Name", "type": "nominal", "title": "Country"},
            {
              "field": "Crime rate",
              "type": "quantitative",
              "title": "Homicides per 100k"
            }
          ]
        }
      }
    ]
  }